20.75,21.1875,18.9375,19.875
20.3125,20.875,17.375,18.25
16.1875,17.875,15.625,16.6875
16.375,17.75,14.875,15.1875
15.3125,16.546801,15.25,15.5625
16.3125,18.5,16.25,16.9375
16,17.4375,15.5625,16.875
16.625,18.25,16.625,17.375
16.75,17.125,15,15.5625
15.8125,16,13.625,13.875
13.625,17.875,13.5625,17.5625
17,17.5625,15.4375,15.5
15.5,15.875,13.5625,14.5625
14.4375,15.5625,13.75,14.9375
14.5625,16.625,14.5625,16.375
15.8437,17,15.5625,16.5
15.75,17.3125,15.625,17
17.3437,18.5,17.125,17.6875
18.3125,18.375,17.25,18.0625
18.875,19.5625,17.75,18.375
18.375,19.5,17.9375,19.5
20.375,20.375,18.6875,19.9375
19.5,19.9375,18.5,18.5
18.375,19.3125,18.25,18.9531
19.1875,22.375,19,21.875
21.6875,21.75,19,19
18.9375,20.5,18.875,19.5
19.125,20.75,18.8125,20.125
20.5625,20.6875,18.671801,18.9375
18.9375,19.5625,17.0625,17.3125
17.1875,17.1875,15.75,16.25
16.125,16.1875,14.25,14.375
14.625,14.9375,14.3125,14.4375
13.8125,15.875,13.5625,15.8125
15.1875,15.8125,14.5625,15
15.3125,15.875,14.375,14.375
14.3125,14.75,13.375,13.375
14.125,15,13.7031,14.5
15,15.0625,13.75,13.75
14.125,14.75,13.5,14.4375
13.5,14.625,13.5,14.5
13.625,14.125,13.3125,13.6875
13.625,13.6875,12.4375,12.5
12.25,12.5,11.3125,11.9375
12,12.125,11.375,11.9375
11.875,12.0625,11.0625,11.8125
12.0625,12.25,11.5,11.9375
11.8125,12.125,11.625,11.75
11.25,11.75,9.9375,10.1875
9.875,10.6875,9.5937,10.4375
10.0312,10.625,10,10
12.375,13.0625,11.5,12.625
13.0781,14,11.25,11.875
11.9375,12.5625,11.4375,12.25
11.9375,12,11.625,11.6875
11.4375,12.5,11.375,12.25
11.375,11.6875,10.5,10.625
10.8125,11.0625,10.5,11
10.25,10.9375,10.125,10.625
11.375,11.4375,10.8125,10.875
10.625,11.0625,10.25,11
11.1875,11.3125,10.125,10.5
10.5625,11.5,10.125,10.25
10.375,10.4375,10,10
10.0625,10.25,9.5625,10.1875
10.5625,10.8125,9.9375,10.1875
10.7,11.29,10.62,10.94
10.92,11.8,10.51,11.64
11.1,11.16,10.75,10.8
10.57,11.03,10,10
10.12,10.84,9.91,10.23
10.33,10.53,8.5,9.1
8.71,9.15,8.5,8.63
8.57,9,8.1,8.4
9.02,9.3,8.72,9.12
8.9,8.9,8.2,8.37
11.84,11.9,10.7,11.18
11.24,13.5,11.2,12.01
13.1,13.65,12.18,13.32
13.05,15.01,13,14.67
14.5,14.54,13.65,14.03
13.81,14.87,13.75,14.74
15.66,18.16,15.55,16.540001
16.9,16.9,15.69,15.99
15.62,16.200001,14.97,15.78
16.389999,17.459999,16.02,16.200001
16.440001,16.799999,15.48,15.68
15.69,16.1,14.6,16.09
16.25,16.5,15,15.43
15.72,15.73,15.02,15.27
15.63,16.9,15.59,15.78
15.9,17,15.8,16.889999
17.139999,17.43,16.84,17.110001
16.83,17,16.25,16.75
16.35,17.6,15.93,17.559999
17.360001,17.530001,16.51,16.92
16.280001,16.49,15.6,16.18
15.55,15.66,15,15.01
15.4,15.64,14.6,14.62
14.55,14.8,14,14.68
14.53,14.53,13.16,13.33
13.35,14.3,13.14,13.54
13.45,14.38,13.1,14.13
14.09,15,14.03,14.78
14.83,15,14.5,14.72
14.95,16.42,14.75,16.379999
16.790001,17,15.9,16.25
16.200001,16.799999,15.12,15.6
15.71,16.75,15.25,16.75
16.65,17.530001,16.370001,17.09
17.209999,17.540001,16.700001,17.219999
16.540001,17,15.62,15.66
15.84,17.200001,15.75,16.690001
17.219999,17.309999,16.389999,16.950001
17.32,17.4,16.15,16.91
17.059999,17.92,16,16.440001
16.67,16.719999,15.48,15.99
15.82,16.23,15.69,16.129999
16.25,16.33,15.65,15.7
15.5,15.55,14.45,14.86
14.6,14.79,14.32,14.64
14.96,15.15,14.11,14.12
14.12,14.12,13.16,13.29
13.01,13.46,12.3,12.49
12.45,12.7,11.67,11.83
12.45,12.65,11.2,11.36
11.27,12.7,11.2,12.53
12.68,13.2,12.59,13.08
13.13,13.27,12.38,12.4
12.71,13.14,12.57,12.81
12.54,13.74,12.04,13.25
13.81,14.25,13.65,14.04
14.23,14.59,13.77,14.36
14.31,14.65,13.72,14.15
14.1,14.71,13.85,14.53
14.49,14.5,14,14.13
14.28,15.45,14.2,15.27
14.9,15.72,14.8,15.27
15.35,15.9,15.11,15.81
16.08,16.120001,15.6,15.61
15.43,15.8,14.95,15.34
15.7,16.540001,15.7,16.49
16.26,17,16.1,16.98
16.940001,17.42,16.01,16.01
15.84,16.49,15.83,16.35
16.07,16.65,15.88,15.96
16.15,16.799999,16.139999,16.49
16.530001,17.25,16.450001,16.98
17.02,17.129999,15.96,16.030001
13.62,14,11.9,12.06
12.29,12.31,11.07,11.51
11.67,12.75,11.23,12.33
12.33,12.43,11.7,12.25
12.21,12.75,11.98,12.55
12.64,12.86,12.23,12.49
12.73,12.86,12.17,12.5
12.59,12.6,12.1,12.19
12.24,12.39,12.11,12.15
12.18,12.2,11.85,11.9
11.89,11.9,11.52,11.6
11.51,11.55,11.03,11.11
11.14,11.17,10.25,10.46
10.58,10.65,9.94,9.95
10.1,10.3,9.77,10.12
10.32,11.04,10.27,10.53
10.54,10.83,10,10.08
10.08,10.15,9.4,9.81
9.51,10.09,9.45,9.99
10.19,10.41,9.95,10.4
10.7,10.79,9.88,9.89
10.16,10.23,9.59,10.2
10.13,10.16,9.57,9.63
9.84,10.3,9.72,10.23
10.09,10.27,9.91,10.13
10.12,10.15,9.56,9.97
10.04,10.05,9.01,9.19
9.06,9.49,8.55,8.69
8.7,9.3,8.69,8.94
8.95,9.19,8.52,8.59
8.66,8.68,6.85,7.65
7.84,8.19,7.67,8.15
7.96,8.61,7.85,8.51
8.4,8.65,8.06,8.63
7.3,8.05,7.05,7.49
7.59,7.75,7.25,7.29
7.35,7.45,6.64,7.31
7.11,7.64,7.05,7.48
6.95,7.72,6.69,7.48
7.7,7.83,7.34,7.46
7.49,7.57,7.02,7.09
7.2,7.23,6,6.35
6.47,6.64,5.67,6.2
6.25,6.47,5.83,5.97
5.91,6.1,5.51,6.01
6.17,6.17,5.95,6.08
6.17,7.21,6.02,6.76
7.09,7.87,6.68,7.04
6.97,7.9,6.74,7.2
7.07,7.3,6.91,7.12
7.11,7.12,6.67,6.91
6.9,7.31,6.8,7.26
7.54,8.16,7.5,7.85
7.76,8.15,7.47,8.07
8.24,9.2,8.23,8.88
9.23,9.75,9.11,9.56
9.98,9.99,8.85,8.92
8.91,9.23,8.38,8.47
8.49,8.52,7.5,8.01
8.07,8.83,8.04,8.77
9.25,9.6,8.85,9.55
8.05,8.15,7.4,7.64
7.39,7.78,7.15,7.77
7.63,8.01,7.51,7.56
7.61,7.66,7.04,7.05
7.01,7.03,6.32,6.42
6.79,7.02,6.55,6.98
7.08,7.1,6.6,6.95
6.95,6.95,6.67,6.71
7.1,7.2,6.96,6.99
7.08,7.13,6.91,7.05
7.01,7.68,7,7.43
7.66,7.67,6.74,6.97
7.05,7.22,6.97,7.12
7.16,7.24,6.8,7.05
7.44,7.53,7.2,7.29
7.63,9.49,7.6,9.49
9.22,9.9,8.75,9.05
9.21,9.35,8.75,8.95
9.35,9.5,9,9.19
9.07,9.3,8.6,8.6
8.74,8.97,8.04,8.8
8.9,9.14,8.56,9.08
9.83,12.22,9.8,12.21
12.05,12.25,11.22,11.48
11.24,12.4,11.18,11.59
11.89,11.9,10.79,11.15
11.3,11.55,10.8,11.32
11.02,11.08,10.48,10.49
10.93,12.05,10.71,11.93
12.4,12.8,11.75,11.76
12.04,12.4,11.85,12.1
12.29,12.3,11.5,11.71
11.55,12.15,11.44,11.65
12,12.43,11.78,12.24
12.43,12.43,11.63,11.91
11.54,11.8,10.85,10.89
11.1,11.2,10.07,11
11.1,11.14,10.18,10.81
11.05,11.36,10.62,10.86
10.73,11.15,10.51,10.71
10.57,10.83,10.14,10.15
10.31,11.06,10,10
10.15,10.22,9.51,9.83
10.97,11.28,10.87,11.1
11.33,11.49,10.57,10.6
10.91,11.08,10.69,10.9
11.07,11.19,10.74,10.82
10.93,11,10.48,10.96
11.13,11.94,11.05,11.9
12.02,12.4,11.95,12.25
12.08,12.51,12.08,12.34
12.27,12.32,11.75,11.85
11.96,12.17,11.3,11.53
11.66,11.67,10.87,11.04
11.03,11.34,10.93,11.03
10.8,10.83,10.09,10.11
10.34,10.42,10.16,10.29
10.01,10.01,9.03,9.13
9.82,9.85,9.4,9.74
9.6,10.55,9.39,10.16
12.74,12.79,12.14,12.6
12.49,12.6,11.9,12.47
12.75,14.06,12.71,14.01
13.56,15.39,13.39,14.44
14.86,15.77,14.76,15.5
15.54,15.55,13.97,14.22
13.98,14.25,13.2,13.9
14.12,14.49,13.41,14.19
14.07,14.09,13.35,13.73
12.91,13.09,12.43,12.53
11.98,12.29,11.16,11.5
11.9,12,11.2,11.26
11.25,11.85,11.06,11.24
11.51,12.67,11.5,12.52
12.64,13.5,12.54,13.3
13.03,13.24,12.5,12.9
13.1,13.33,13.06,13.29
13.34,14.26,13.3,13.88
13.91,14.04,13.27,13.41
12.95,13.84,12.8,13.01
13.19,13.4,12.15,12.96
12.91,13.65,12.9,13.26
13.05,13.23,12.7,13.07
13.09,13.74,13,13.73
13.51,14.49,13.45,14.4
14.55,14.73,14.12,14.27
14.29,14.75,13.93,14.1
14.13,15.4,14.12,15.39
15.42,16.49,15.4,16.48
16,16.68,15.53,15.97
14.82,16.59,14.82,16.33
16.41,16.950001,15.4,15.62
16.25,16.959999,15.93,16.35
16.040001,16.879999,15.86,16.709999
16.35,16.59,16.040001,16.309999
16.049999,16.34,15.64,15.74
14.99,15.5,14.28,14.48
14.27,14.29,13.55,14.03
14.15,15.28,14.14,15.01
15.15,15.4,14.56,14.66
14.48,15.13,14.3,14.5
14.62,15.24,14.56,15.17
15.12,15.6,15.1,15.53
15.47,15.73,14.72,14.74
14.64,15.45,14.55,14.83
13.9,14.35,13.7,14.25
14.4,14.65,14.25,14.3
14.28,14.8,14.14,14.8
14.64,15.09,14.19,14.25
14.37,14.45,13.6,13.67
13.73,13.8,13.23,13.54
13.67,14.04,13.31,13.5
12.97,13.96,12.96,13.95
14.07,14.59,13.56,13.6
13.76,14,13.05,13.48
13.28,13.28,12.52,12.74
12.9,13.61,12.85,13.31
13.42,14.1,13.35,13.89
14.18,14.29,13.72,14.01
14.24,15,14.24,14.82
14.7,14.86,13.95,14.26
14.38,14.74,14.15,14.53
14.58,14.85,14.15,14.31
14.35,14.75,13.88,14.06
15.23,16.85,15.05,16.790001
16.51,17.049999,16.41,16.82
16.860001,16.950001,16.32,16.91
16.75,17,15.9,16.18
16.129999,16.76,15.93,16.690001
16.549999,17.049999,16.42,16.49
16.43,16.65,16.25,16.32
16.23,16.4,15.75,16.049999
15.94,16.49,15.75,16.120001
16.110001,16.35,16.030001,16.110001
16.549999,17.459999,16.5,17.32
17.120001,18.23,17.1,17.73
17.889999,17.959999,16.799999,16.940001
17.17,17.629999,16.85,17.32
18.040001,19.450001,18.02,18.809999
18.68,20.4,18.35,19.940001
19.51,19.950001,19.290001,19.610001
19.969999,20,18.809999,19.16
18.799999,19.48,18.77,19.389999
19.540001,19.799999,18.549999,18.76
18.67,19.129999,18.219999,18.75
18.84,19.549999,18.610001,19.450001
19.4,19.690001,19.059999,19.469999
19.57,19.610001,18.77,19.059999
18.82,19.1,18.799999,18.91
18.700001,18.940001,18.08,18.370001
18.5,18.889999,18.200001,18.23
18.309999,18.5,17.93,17.959999
17.799999,18.139999,17.469999,17.969999
17.98,18.18,17.450001,17.99
17.889999,18.41,17.76,18.17
17.889999,18.65,17.85,18.58
17.9,18.120001,17.02,17.299999
17.309999,17.790001,17.120001,17.139999
17.049999,17.15,16.26,17.08
17,17.5,16.74,17.43
17.139999,17.4,16.26,16.82
16.950001,18.48,16.860001,18.41
18.129999,19.16,18.09,18.780001
18.49,19.1,18.27,18.299999
18.32,18.379999,17.34,17.549999
17.6,17.790001,17.34,17.530001
17.43,17.780001,16.940001,17.51
16.889999,16.950001,15.04,15.34
14.69,15.93,14.68,15.85
16.110001,16.469999,15.3,15.86
15.69,16.360001,15.4,16.25
16.17,16.17,13.52,13.55
13.6,14.16,13,13.32
13.38,14.46,12.89,14.25
14.39,15.23,14.37,15.21
14.95,15.85,14.68,14.94
15.05,16.030001,14.98,15.6
15.65,15.94,14.65,14.96
14.66,15.84,14,15.55
15.75,16.190001,15.25,15.43
15.47,15.98,15,15.94
15.69,17.07,15.66,16.290001
16.84,17.16,15.32,16.16
15.92,16.59,15.53,15.55
15.36,15.71,15.07,15.29
15.15,15.65,15,15.5
15.54,15.88,14.4,14.55
12.37,14.16,12.26,14.1
13.71,14.01,12.4,12.49
12.72,13.11,12.5,12.93
13.25,14.46,13.23,14.33
14.19,14.9,14.08,14.77
14.45,14.66,14.14,14.45
14.31,14.5,13.99,14.16
14.13,14.14,13.45,13.84
13.65,13.79,12.78,12.87
13.27,13.9,13.14,13.74
13.93,13.94,12.85,13.6
13.24,14.1,13.06,13.9
13.61,14.75,13.6,14.26
14.14,14.49,13.95,14.46
14.3,14.67,13.9,13.93
13.93,14.06,13.32,13.91
14.05,14.75,13.92,14.62
14.39,15.01,14.31,14.9
14.84,15.52,14.67,15.5
15.38,15.99,15.31,15.98
15.95,15.97,15.2,15.38
15.33,15.95,14.92,15.73
15.6,15.72,14.95,15.17
15.29,15.44,14.68,14.93
15.04,15.27,14.5,14.52
14.48,14.97,14.35,14.57
14.43,15.19,14.21,15.14
14.91,15.38,14.75,14.94
14.71,15.03,14.49,14.6
14.66,14.96,14.26,14.83
14.58,14.72,14.24,14.25
14.56,15.48,14.56,15.31
15.12,16.65,15.06,16.51
16.530001,17.35,16.42,17.129999
17.15,17.85,17.040001,17.110001
16.83,17.129999,16.610001,16.75
16.690001,16.99,16.5,16.610001
16.51,16.93,16.450001,16.709999
17,17.75,16.77,17.35
17.219999,17.93,16.950001,17.73
17.4,17.639999,17.17,17.209999
17.450001,17.639999,15.45,15.86
15.6,16.440001,15.59,16.049999
15.87,16.370001,15.6,15.93
16.17,16.389999,15.29,15.73
15.93,17.35,15.71,17.15
16.85,17.4,16.82,17.01
16.639999,16.85,15.85,15.93
16.23,17.059999,16.01,16.950001
16.809999,17.639999,16.700001,17.01
16.790001,17.25,16.66,16.75
16.950001,17.15,16.379999,16.549999
16.549999,16.959999,16.370001,16.639999
16.879999,17.059999,16.459999,16.940001
16.700001,17.129999,16.6,16.860001
17.16,17.969999,17.15,17.959999
18.18,18.74,18.1,18.459999
18.18,19.23,18.17,19.200001
19.84,20.139999,18.65,18.940001
18.27,19.66,18.25,19.49
20.1,20.219999,18.43,18.74
18.48,19.290001,18.360001,19.040001
18.889999,19.530001,18.719999,19.26
19.01,19.91,18.9,19.379999
19.52,19.82,19.370001,19.75
19.950001,20.26,19.799999,19.860001
18.84,19.360001,18.48,19.299999
19.280001,19.73,18.4,18.59
18.51,18.92,18.07,18.57
18.85,19.219999,18.469999,19.08
19.030001,19.48,18.85,19.360001
19.219999,19.9,19.09,19.799999
19.389999,19.809999,18.59,18.780001
18.629999,18.870001,18.200001,18.719999
18.77,19.389999,18.26,19.34
18.85,19.299999,18.77,19.120001
19.040001,19.66,18.809999,19.51
19.4,19.549999,18.799999,19
19.01,19.99,19.01,19.82
19.610001,21,19.610001,20.41
20.99,21.49,20.950001,21.209999
21.15,22.35,21.09,22.209999
22.65,23.74,22.15,22.42
21.879999,21.889999,21.23,21.290001
21.35,23,21.219999,22.9
23.33,23.85,23.209999,23.4
23.200001,24.280001,23.1,23.99
24.030001,24.5,23.82,24.25
24.02,24.200001,23.379999,23.4
23.719999,24.24,23.709999,24.08
24.15,24.379999,23.33,23.35
24.15,25,24,24.110001
23.83,23.98,23.379999,23.74
23.48,23.799999,22.959999,23.389999
23.66,23.68,22.200001,22.58
21.700001,22.690001,21.51,22.610001
22.23,22.35,21.6,21.68
21.959999,21.99,21.24,21.860001
21.67,22.379999,21.620001,22.129999
22.469999,22.620001,21.809999,22.299999
21.950001,22.35,21.870001,22.18
22.23,22.530001,22.040001,22.51
22.33,22.559999,22.32,22.459999
22.25,22.26,21.98,22.1
21.629999,22.200001,21.530001,21.690001
21.790001,22.01,21.6,21.93
21.780001,22.469999,21.780001,22.24
22.18,22.280001,21.879999,21.879999
21.59,21.6,20,20.299999
19.969999,20.1,18.43,18.860001
18.85,19.4,18.74,19.25
19.25,19.559999,18.83,18.889999
19.190001,19.68,18.549999,19.57
19.59,20.530001,19.41,20.52
20.4,21.17,20.299999,20.700001
20.83,21.75,20.6,21.549999
21.440001,21.6,20.82,21.02
21.08,21.700001,20.9,21.450001
20.959999,21.66,20.809999,21.32
21.33,22.1,21.25,22.040001
21.85,22.76,21.66,22.74
22.59,22.610001,21.940001,22.27
21.690001,22.1,21.450001,21.799999
21.459999,21.709999,21.23,21.4
21.25,21.610001,20.360001,21.08
20.77,21.700001,20.75,21.17
21.540001,22.040001,21.15,21.790001
22.59,23.280001,21.9,22.110001
21.68,22.370001,21.639999,21.780001
21.91,21.969999,21.23,21.620001
21.549999,22.35,21.4,22.08
22.200001,22.4,21.73,21.82
21.639999,22.27,21.559999,21.85
21.940001,22.440001,21.82,22.16
21.940001,22.139999,21.57,22.049999
22.18,22.5,22.030001,22.17
22.16,22.48,21.93,22.09
22.1,22.110001,21.200001,21.440001
21.4,21.41,20.57,21.4
21.559999,21.6,20.690001,20.780001
20.790001,21.200001,20.66,21.129999
20.950001,21,19.610001,20.059999
19.99,20.23,19.709999,20.059999
20.15,21.41,20.15,21.389999
21.15,21.25,21.02,21.190001
21.190001,21.5,21.09,21.360001
21.35,21.83,21.040001,21.780001
21.639999,22.18,21.639999,21.780001
21.5,22,21.4,21.879999
21.629999,21.98,21.620001,21.639999
21.66,21.77,20.25,21.620001
21.57,22.02,21.43,22.01
22.15,22.610001,21.74,21.809999
21.700001,22.35,21.360001,22.27
22.08,22.620001,22.02,22.42
22.32,22.85,22.120001,22.690001
22.32,23.040001,22.26,22.969999
22.6,22.959999,22.549999,22.879999
22.75,22.92,22.51,22.780001
22.51,23.379999,22.49,23.360001
23.68,24.59,23.129999,24.42
24.540001,24.9,24.200001,24.709999
24.469999,26.84,24.4,26.549999
26.459999,26.84,26.1,26.780001
26.33,26.690001,26.16,26.540001
26.34,27.629999,26.129999,27.450001
27.709999,27.950001,27.040001,27.93
27.08,27.26,26.200001,26.23
26.25,27.09,26.209999,26.9
26.879999,27.870001,26.709999,27.76
27.59,28.040001,27.450001,27.77
27.59,27.950001,27.1,27.18
26.57,26.74,25.959999,26.030001
25.549999,25.59,25.059999,25.540001
25.98,26.48,25.84,26.379999
26.51,27.09,26.02,26.65
26.709999,26.83,25.950001,26.219999
27.209999,27.559999,26.75,26.82
26.790001,26.799999,26.450001,26.52
26.35,26.370001,24.84,25.059999
25.43,25.940001,24.780001,25.67
25.85,26.24,25.42,25.75
24.799999,25.15,24.5,25.049999
24.889999,25.43,24.82,25.129999
25.299999,25.5,24.129999,24.379999
24.469999,25.01,24.35,24.99
25.030001,26.17,24.9,25.25
25.09,25.690001,24.82,25.58
26.4,26.549999,25.360001,25.43
25.4,26.719999,24.77,25.120001
28,29,27.82,28.969999
28.639999,29.190001,28.6,29.110001
28.91,29.040001,28.610001,28.889999
28.6,29,28.379999,28.690001
28.68,28.700001,28.15,28.66
28.629999,29.450001,28.549999,29.43
29.469999,30.049999,29.01,29.959999
29.870001,31.18,29.799999,30.879999
30.66,30.860001,30.030001,30.700001
30.360001,30.76,30.219999,30.450001
30.459999,30.99,30.200001,30.959999
30.83,31.799999,30.67,31.700001
31.549999,33.490002,31.440001,32.950001
33.139999,33.189999,32.439999,32.599998
32.639999,32.75,32.200001,32.630001
32.509998,33.16,32.380001,33.049999
32.700001,32.970001,31.4,31.559999
31.559999,32.130001,31.17,31.48
31.34,31.84,31.16,31.75
31.75,33.290001,31.290001,33
33.029999,33.049999,32.470001,32.720001
32.549999,35.029999,32.450001,34.849998
34.880001,35.73,34.650002,34.860001
34.889999,35.970001,34.700001,35.549999
35.610001,36.09,35,35.889999
36.5,36.68,35.349998,35.400002
34.709999,35.310001,34.68,35.23
35,35.599998,34.700001,35.389999
35.16,35.84,34.610001,35.52
36.040001,36.259998,33.25,33.349998
34.470001,34.470001,33.080002,33.68
34.02,34.380001,32.830002,34.07
33.970001,34.810001,33.599998,34.650002
35.299999,35.400002,34.709999,35.200001
35.400002,35.450001,34.049999,34.130001
34.57,35.849998,34.080002,35.84
35.93,36.369999,35.25,35.84
35.5,37.240002,35.349998,35.849998
35.799999,36.75,35.380001,35.5
35.799999,35.880001,34.84,35.040001
35.48,35.860001,35.029999,35.580002
35.369999,35.82,34.540001,35.400002
35.299999,36.130001,35.150002,35.389999
35.209999,36.84,35.060001,36.720001
36.689999,37.09,36.18,36.299999
36.630001,36.82,36.02,36.32
36.330002,37.290001,35.700001,37.25
37.599998,37.889999,37.139999,37.849998
37.02,38.16,37.02,37.919998
38.299999,39.099998,37.950001,39.049999
38.759998,40.830002,38.75,40.509998
40.540001,40.73,39.869999,40.5
39.119999,39.5,38.200001,38.25
38.299999,38.299999,37.099998,37.650002
38.5,39.610001,38.240002,39.27
39.610001,39.610001,37.619999,38.43
38.52,38.52,37.32,37.68
37.150002,37.299999,36.040001,36.32
36.32,36.849998,34.790001,34.98
34.709999,36,34.599998,35.330002
35.700001,36,34,34.869999
37.75,40.25,37.349998,40.110001
41.049999,43.099998,40.580002,41.310001
40.740002,41.650002,39.75,41.599998
41.490002,42.18,40.869999,42.080002
41.990002,42.5,41.060001,41.389999
41.150002,41.27,40.450001,40.66
41.349998,41.970001,40.669998,41.639999
41.41,41.630001,39.779999,40.029999
39.700001,40.290001,38.950001,39.650002
39.240002,39.849998,38.630001,38.669998
38.619999,39.950001,38.279999,38.939999
39,39.34,38.59,39.009998
39.130001,39.400002,38.630001,39.150002
38.990002,39.040001,38.349998,38.93
38.950001,39.959999,38.310001,39.849998
40.25,40.470001,39.709999,40.209999
39.919998,40.369999,39.650002,40.299999
40.23,40.380001,39.970001,40.099998
40.48,43.240002,40.380001,43.02
43.450001,44.189999,42.919998,43.57
43.060001,43.939999,43.009998,43.759998
44.220001,45.91,43.869999,45.700001
46.360001,46.950001,44.810001,45.220001
44.849998,46.16,44.529999,45.849998
45.650002,46.139999,45.110001,45.93
45.77,46.07,45.259998,45.880001
45.939999,46,44.810001,45.939999
45.82,46.439999,45.720001,46.32
46.52,47.450001,46.009998,47.330002
47.580002,47.75,45.860001,46.189999
46.200001,47.389999,46.040001,47.290001
46.950001,47.48,46.099998,46.52
46.5,47.349998,46.060001,47.279999
47.099998,47.380001,46.299999,46.68
46.259998,47.23,46.060001,46.220001
46.200001,46.349998,44.77,45.189999
44.849998,45.779999,44.73,45.68
45.360001,45.77,45.23,45.509998
45.400002,46.25,45.049999,46.240002
46.209999,46.860001,45.540001,46.16
46.16,48.240002,45.939999,47.889999
47.869999,47.970001,47.349998,47.580002
46.560001,47.529999,46.200001,47.470001
47.41,50.919998,47.349998,50.439999
50.349998,51.299999,49.599998,49.610001
49.66,50.950001,49.279999,50.049999
49.900002,50.459999,48.299999,48.560001
48.880001,49.970001,48.400002,49.860001
49.650002,49.759998,48.349998,48.43
48.369999,49.279999,47.509998,49.119999
48.939999,50.200001,48.68,50.09
51.130001,53.220001,51.029999,52.889999
52.889999,54.240002,52.59,54.150002
54,56.25,53.950001,54.91
55.439999,56.279999,55.119999,55.700001
57.41,59.099998,57.400002,57.860001
57.700001,58.330002,57.439999,58.060001
57.939999,58.689999,57.439999,58.299999
58.099998,59.98,57.799999,59.91
60.389999,60.41,58.43,58.549999
58.16,59.91,58.09,59.91
59.299999,59.900002,58.650002,59.689999
59.560001,60.240002,58.919998,59.59
59.73,61.150002,59.009998,59.349998
56.049999,56.150002,53.73,54.029999
52.98,54.52,52.91,54.32
54.549999,54.939999,53,54.509998
54.900002,55.25,54.5,54.82
55.189999,56.900002,54.549999,56.73
56.650002,57.150002,56,56.689999
57.400002,57.52,55.57,55.830002
55.900002,56.130001,54.380001,54.43
54.799999,56.799999,54.310001,56.740002
56.700001,57.490002,56.060001,56.860001
56.130001,56.990002,56.080002,56.740002
56.810001,56.869999,54.75,54.990002
55.610001,55.700001,54,54.310001
53.950001,54,51.740002,51.98
51.84,52.75,50.759998,52.23
52.57,54.290001,52.110001,54.130001
54.040001,55.130001,53.57,54.799999
54.43,54.779999,52.209999,52.450001
51.919998,52.189999,49.580002,50.360001
50.73,50.98,48.450001,48.5
48.709999,49.849998,47.669998,49.529999
49.099998,50.459999,48.34,48.849998
49,49.200001,47.759998,48.580002
49.279999,51.450001,48.650002,51.330002
51.349998,53.299999,51.25,52.470001
52.830002,53.540001,51.869999,52.959999
52.84,54.060001,52.830002,53.970001
54.400002,54.75,53.049999,54.650002
54.5,54.75,53.849998,53.93
54.099998,54.25,51.360001,51.509998
51.450001,52.43,50.75,51.799999
51.200001,52.700001,51.200001,51.560001
51.549999,52.200001,50.119999,51.080002
51.169998,51.650002,49.299999,49.34
49.450001,50.169998,48.310001,49.200001
49.259998,51.150002,49.189999,50.799999
50.990002,51.310001,49.919998,50.990002
52.049999,52.25,50.049999,50.41
49.599998,49.799999,48.630001,49.5
49.470001,49.610001,47,47.580002
47.610001,48.889999,47.450001,48.75
48.799999,49.41,48.259998,49.240002
48.98,50.099998,48.700001,49.889999
50.02,52.619999,49.77,52.48
52.299999,53.880001,52.150002,53.32
54.139999,54.939999,53.139999,53.470001
53.790001,53.84,52.130001,53.470001
53.18,53.5,52.599998,52.830002
52.82,53.48,52.400002,52.619999
52.759998,53.130001,51.43,51.900002
52,53.599998,51.369999,53.27
53.110001,53.5,52.740002,53.029999
52.18,52.66,50.939999,51.900002
52.09,52.099998,50.029999,50.240002
49.77,52.150002,49.099998,51.59
51.610001,53.029999,50.799999,52.950001
52.669998,54.990002,52.41,54.91
54.619999,55.990002,54.150002,55.799999
54.73,56.779999,54.619999,56.18
56.27,56.369999,55.27,55.720001
55.57,56.84,55.41,56.610001
56.16,56.939999,55.639999,56.200001
56.810001,57.82,56.240002,57.18
57.099998,57.610001,56.619999,57.110001
56.799999,57.200001,56.299999,57.029999
56.73,57.740002,55.66,55.740002
53.639999,54.450001,51.619999,51.959999
52.040001,52.060001,48.599998,49.220001
49.490002,51.369999,49.299999,50.400002
50.650002,50.650002,47.950001,48.27
48.189999,48.279999,44.52,44.939999
44.810001,45.91,44.299999,45.389999
46.029999,47.09,45.900002,46.040001
46.110001,46.73,45.509998,46.349998
46.75,46.799999,45.700001,45.860001
45.849998,46.25,45.509998,45.59
45.860001,47.360001,45.540001,47.139999
46.93,48.099998,46.709999,47.060001
47.290001,47.700001,46.240002,46.380001
46.139999,46.450001,44.799999,45.529999
45.360001,45.369999,44.639999,44.869999
45.150002,46.16,44.650002,44.650002
44.799999,45.380001,44.73,45.169998
45.18,45.25,43.349998,43.970001
43.919998,43.939999,42.23,42.32
42.5,43.290001,42.5,42.939999
43.200001,43.849998,43,43.650002
43.57,43.599998,42.52,43.009998
43.02,43.48,42.580002,42.970001
42.73,43.490002,41.860001,42.009998
41.860001,43.380001,41.650002,43.169998
43.119999,44.470001,43.099998,44.389999
43.790001,44.830002,43.529999,44.09
43.959999,45.060001,43.130001,43.5
43.419998,43.889999,42.27,42.709999
42.720001,43.200001,41.459999,41.549999
41.09,42.369999,41.040001,41.279999
41.349998,42.610001,41.299999,42.439999
42.259998,42.799999,40.919998,41.080002
41.290001,42.360001,41.259998,42.130001
43.040001,43.450001,42.59,42.799999
42.529999,43.200001,42.209999,43.009998
43.029999,43.75,42.630001,42.799999
41.75,41.849998,40.509998,40.849998
41.32,41.740002,39.849998,40.23
40.310001,40.380001,39.150002,39.630001
40,42.200001,40,41.990002
42.009998,42.490002,41.290001,41.700001
41.970001,42.799999,41.970001,42.759998
42.709999,43.93,42.560001,43.799999
43.849998,44,42.950001,43.279999
43.450001,44.84,43.299999,44.740002
46,46.25,45.25,46.09
45.669998,47.09,45.59,46.959999
46.310001,46.970001,45.75,46.439999
46.200001,46.799999,45.389999,45.849998
47.84,48.150002,47,48.099998
48.16,48.369999,47.57,47.959999
47.990002,48.34,46.360001,46.580002
46.080002,47.66,45.98,46.790001
46.98,47.599998,46,46.990002
47.049999,47.099998,45.330002,45.5
45.349998,47.27,45.119999,47.110001
47.66,47.810001,45.18,45.200001
45.200001,46.490002,44.91,45.720001
45.950001,49.099998,45.889999,48.860001
46,46.889999,45.509998,46.290001
46.330002,47.759998,46.150002,47.25
47.59,48.799999,46.790001,48
47.619999,48.349998,46.639999,46.970001
46.900002,47.080002,45.509998,46.189999
46.060001,46.349998,43.310001,43.599998
43.48,45.150002,43.41,44.41
44.41,44.57,43.700001,43.950001
43.98,45.049999,43.950001,44.259998
43.59,44.25,42.77,43.139999
42.959999,44.18,41.68,41.900002
41.23,42.150002,40.57,41.259998
41.919998,43.040001,41.900002,42.700001
42.34,43.150002,41.25,43.02
42.459999,44.130001,42.25,43.610001
43.700001,43.919998,42.759998,43.049999
42.240002,42.59,41.700001,42.080002
42.200001,42.400002,41.830002,41.990002
42.380001,43.27,41.470001,41.689999
41.650002,41.970001,40.799999,40.98
41.27,41.48,40.549999,41.169998
41.290001,42.299999,41.169998,41.630001
41.75,43.860001,41.389999,43.619999
43.860001,45,43.669998,44.689999
45.27,47.830002,44.849998,47.619999
47.27,48.68,46.880001,48.5
47.869999,50.450001,47.700001,50.23
50.490002,51.209999,49.77,50.349998
49.849998,50.349998,49.32,49.400002
50.049999,51.509998,50,50.950001
51.689999,51.990002,50.650002,51.759998
51.299999,52.119999,51.099998,51.939999
51.619999,51.830002,50.009998,50.240002
50.400002,50.470001,49.259998,49.939999
49.34,49.990002,49.040001,49.25
49.709999,50.599998,49.490002,50.110001
50.09,50.75,49.91,50.57
50.509998,50.91,49.41,49.77
49.439999,50.279999,49.400002,49.599998
49.450001,50.299999,49.25,49.77
49.669998,49.790001,48.240002,49
48.77,51,48.349998,50.810001
51,51.939999,50.689999,51.02
51.049999,51.93,50.869999,51.799999
52.380001,54.040001,52.200001,53.389999
53.220001,53.939999,52.650002,53.709999
53.610001,54.700001,53.419998,54.400002
53.799999,54.040001,52.049999,52.560001
52.619999,53.240002,51.830002,52.59
52.549999,52.599998,50.490002,51.240002
50.790001,52.029999,50.240002,51
48.509998,49.970001,48.470001,49.5
49.869999,50,47.82,48.32
48.220001,49.349998,48.029999,49.049999
49.110001,49.98,48.869999,49.599998
48.950001,50.400002,48.889999,49.5
49.509998,49.669998,48.119999,48.669998
48.990002,49.060001,46.779999,47.099998
47.259998,47.259998,45.150002,46.02
46.139999,47.849998,46.119999,46.990002
47.32,47.599998,44.52,44.759998
43.709999,46.07,43.639999,45.82
42.470001,42.759998,39.560001,39.98
40.23,40.240002,38.330002,38.779999
39.200001,39.91,38.799999,39.110001
39.290001,39.57,37.380001,37.970001
38.310001,38.959999,38.02,38.580002
38.5,39.419998,38.23,38.919998
38.450001,38.759998,37.810001,38.299999
38.32,39.080002,37.23,37.610001
36.82,37.459999,36.400002,37.119999
37.41,37.48,35.380001,35.610001
35.25,36.669998,34.849998,35.490002
35.34,36.299999,34.849998,35.32
35.689999,37.200001,35.549999,37.099998
36.400002,36.900002,35.599998,36.560001
36.25,37.349998,36.169998,36.290001
36.560001,37,35.869999,36.130001
36.139999,38.400002,35.98,37.950001
38.57,39.439999,37.900002,38.23
37.919998,39.540001,37.419998,39.360001
40.259998,40.48,36.349998,38.630001
38.459999,39.91,38.110001,39.509998
39.889999,40,39.110001,39.450001
39.720001,39.93,38.32,39.049999
39.060001,40.490002,38.16,40.299999
40.18,40.830002,39.700001,40.189999
40.32,40.389999,39.599998,39.900002
39.880001,39.950001,38.25,38.310001
38.380001,38.849998,37.860001,38.139999
38.23,39.009998,38.02,38.240002
38.040001,39.639999,37.91,39.18
39.009998,40.009998,38.639999,38.740002
39.150002,39.360001,38.110001,38.509998
38.490002,38.810001,37.709999,38.009998
38.240002,38.310001,37.360001,38.07
38.130001,38.799999,37.900002,38.57
39.130001,40.040001,38.82,40.009998
40.200001,42.75,39.900002,42.669998
42.049999,43.18,41.869999,42.209999
42.389999,44.279999,42.349998,42.57
42.849998,43.259998,42.389999,42.959999
42.709999,43.990002,42.610001,43.27
43.57,43.77,42.77,43.290001
43.150002,43.240002,41.169998,41.380001
41.330002,42.200001,41.110001,41.830002
41.810001,41.91,40.849998,40.939999
40.91,41.009998,39.75,39.93
40.150002,40.330002,38.970001,39.43
39.450001,40.919998,39.360001,40.84
40.549999,41.279999,40.209999,40.860001
41.290001,41.299999,40.389999,40.470001
41.360001,41.68,40.740002,41.009998
40.84,41.25,40.57,40.959999
40.73,41.41,40.400002,41.360001
41.419998,42.700001,40.849998,41.150002
40.939999,41.189999,39.630001,40
39.830002,40.75,39.41,40.150002
39.549999,40.580002,39.470001,40.220001
41.419998,41.549999,39.75,39.98
39.450001,39.549999,38.73,39.099998
39.290001,39.669998,37.880001,38.549999
38.23,39.470001,37.889999,39.27
39.740002,39.849998,38.169998,38.330002
38.110001,38.59,37.790001,38.349998
39.299999,40.189999,38.5,39.470001
36.220001,36.799999,33,34.599998
34,34.41,33.720001,33.970001
34.150002,34.259998,33.509998,33.830002
33.630001,34.630001,33.619999,34.23
34.240002,34.77,34.139999,34.450001
34.360001,34.450001,34,34.130001
34.220001,35.150002,34.150002,35.099998
35.490002,36.490002,35.139999,36.240002
37.18,37.619999,35.560001,35.919998
35.700001,37.290001,35.52,36.91
37.299999,37.389999,36.02,36.560001
36.75,37.580002,36.720001,37.32
37.18,37.810001,36.700001,37.400002
38,38.84,37.830002,38.09
38.09,39,37.639999,38.830002
39.049999,40.939999,39,40.459999
40.459999,41.5,40.18,40.889999
40.5,40.66,39.75,40.07
40.400002,40.59,39.540001,39.900002
39.73,40.959999,39.59,40.369999
39.150002,39.439999,38.189999,38.549999
38.439999,38.529999,37.580002,38.049999
38.18,39.68,38.029999,38.310001
38.869999,39.16,38.099998,38.75
38.950001,39.34,38.889999,39.09
39.599998,39.619999,37.709999,38.939999
38.970001,39.799999,38.950001,39.68
40,40,39.25,39.98
39.639999,40.740002,39.279999,40.169998
40.360001,40.459999,39.540001,40.09
39.73,39.98,39.150002,39.490002
39.450001,39.75,38.049999,38.200001
38.32,39.099998,37.990002,38.720001
38.400002,39.950001,38.169998,39.82
39.540001,40.099998,39,39.049999
39.330002,40.279999,38.82,39.830002
40.150002,40.470001,39.939999,40.439999
40.34,41,40.209999,41
40.860001,41,39.709999,40.049999
40.16,40.220001,39.869999,40.009998
39.93,40.490002,38.810001,38.950001
38.84,39.419998,38.639999,39.389999
38.610001,39.59,38.549999,39.52
39.34,39.52,38.919998,38.93
39.52,42.93,39.470001,42.25
43.900002,45.119999,43.5,44.630001
44.75,45.68,44.439999,44.82
45,45.529999,44.549999,44.970001
45.130001,45.490002,44.16,44.290001
44.950001,45.439999,44.209999,44.52
42.669998,43.259998,41.5,42.139999
41.57,42.759998,41.560001,41.77
41.810001,42.25,40.900002,41.049999
41.380001,42.689999,41.16,42.32
41.939999,42.959999,41.709999,41.84
41.400002,42.16,41.009998,41.639999
41.490002,42.48,40.82,42.299999
42.450001,44.580002,42.34,42.599998
42.900002,44.66,42.360001,44.549999
44.290001,45,44.150002,44.580002
44.470001,44.740002,43.43,43.959999
41.709999,43.959999,41.639999,42.360001
41.990002,42.549999,41.02,41.16
41.439999,41.950001,40.310001,40.380001
40.639999,41.439999,40.450001,40.939999
41.18,41.799999,40.259998,41.34
41.27,42.400002,41.139999,42.310001
42.09,43,41.529999,42.220001
42.439999,43.419998,42.43,43.220001
43,43.27,42.380001,42.48
43.049999,43.540001,40.860001,41.880001
34.900002,35.889999,34.529999,35.75
35.650002,35.98,35.189999,35.720001
35.82,35.84,35.549999,35.689999
35.540001,36.52,35.529999,36.299999
36.450001,36.799999,35.869999,35.889999
36.07,36.110001,35.529999,35.779999
35.57,35.950001,35,35.779999
35.650002,36.630001,35.5,36.029999
36.209999,36.450001,35.75,36.139999
35.93,36.349998,35.580002,35.66
35.740002,35.849998,35.25,35.689999
35.610001,35.75,35.099998,35.310001
35.02,35.389999,34.509998,34.720001
34.950001,34.970001,33.200001,34.139999
33.66,34.849998,33.66,34.689999
34.720001,35.23,34.48,34.990002
34.720001,35.66,34.669998,35.18
35.060001,35.41,34.82,35.389999
35.389999,35.93,35.07,35.5
35.5,35.959999,35.400002,35.650002
35.84,36.310001,35.700001,35.849998
35.939999,36.400002,35.810001,36.32
36.310001,36.43,35.75,35.830002
35.740002,35.93,34.900002,35.400002
35.310001,35.709999,34.57,34.91
34.810001,34.869999,34.049999,34.75
34.669998,34.75,34,34.599998
34.580002,34.849998,33.900002,34.18
33.880001,34.439999,33.599998,33.869999
33.580002,34.439999,33.580002,33.970001
34.150002,34.279999,33.650002,34.16
34.209999,34.630001,33.540001,33.669998
33.700001,33.939999,33.07,33.150002
33.09,33.84,32.82,33.18
33.400002,33.880001,32.869999,32.880001
33.099998,33.650002,33.02,33.389999
33.279999,34.150002,33.23,33.43
33.59,34.52,33.509998,34.32
34.490002,34.549999,34,34.27
34.630001,34.709999,33.779999,34.009998
34,35.18,33.810001,35
35.23,35.34,34.990002,35.279999
35.099998,35.200001,34.619999,34.82
34.68,34.919998,34.5,34.900002
34.75,34.93,34.57,34.599998
34.599998,35,34.360001,34.599998
34.400002,34.639999,33.66,34.630001
34.349998,34.709999,34.150002,34.299999
34.259998,34.5,33.880001,33.970001
33.959999,34,33.02,33.02
32.900002,33.580002,32.84,33
33.18,33.369999,32.009998,32.779999
33.099998,33.759998,32.900002,33.25
33.5,33.889999,32.889999,33.73
33.490002,33.630001,32.91,33.040001
33.130001,33.59,33.049999,33.529999
33.43,33.98,32.580002,32.709999
30.84,31.74,30.6,31.719999
31.66,32.919998,31.629999,32.52
32.860001,32.889999,31.52,32.360001
32.299999,33.279999,32.099998,33.099998
32.939999,33.560001,32.889999,33.209999
33.349998,34.119999,33.27,33.959999
33.959999,34.18,33.59,33.959999
34.240002,34.689999,34.139999,34.52
34.400002,34.799999,34.25,34.639999
34.400002,34.470001,34.02,34.23
34.299999,34.509998,33.650002,33.82
33.700001,34.119999,33.549999,33.849998
33.990002,34.349998,33.799999,33.900002
34.029999,34.77,33.919998,34.540001
34.450001,34.82,34.09,34.73
34.810001,35.970001,34.73,35.330002
35.369999,35.91,35.330002,35.59
35.450001,35.599998,34.959999,35.5
35.57,36.02,35.389999,35.68
35.48,35.57,35.130001,35.540001
35.27,35.450001,35.189999,35.25
35.279999,35.68,35.169998,35.450001
35.220001,35.549999,35.150002,35.5
35.360001,36.040001,35.290001,35.509998
35.57,36.990002,35.439999,36.5
36.330002,36.91,36.209999,36.41
36.459999,36.5,35.32,35.59
35.540001,36.02,35.48,35.77
35.91,36.200001,35.290001,35.349998
35.400002,35.48,34.799999,34.830002
34.93,35.279999,34.400002,35.200001
35.25,35.290001,34.470001,34.950001
34.669998,35.41,34.650002,34.869999
34.82,35.169998,34.790001,35.040001
35.34,35.41,34.52,35.240002
35.200001,35.810001,35.16,35.580002
35.889999,36.07,35.16,35.310001
35.049999,35.970001,35.040001,35.689999
35.599998,35.810001,35.279999,35.380001
35.5,35.849998,35.139999,35.220001
35.139999,35.560001,35.099998,35.43
35.299999,35.439999,34.880001,35.02
34.91,35.049999,34.169998,34.5
34.599998,34.630001,33.59,33.709999
33.700001,34.07,33.27,33.349998
33.470001,33.560001,32.93,33.09
33.240002,33.27,32.790001,32.91
33.5,34.48,33.450001,34.080002
34.009998,34.400002,33.860001,34.060001
33.799999,34.509998,33.799999,33.959999
34.110001,34.75,33.849998,34.740002
34.720001,35.68,34.599998,35.59
35.490002,36.540001,35.459999,36.310001
36.27,36.549999,36.189999,36.509998
37.189999,37.419998,36.880001,37.189999
37.349998,37.5,36.75,37.150002
36.950001,37.189999,36.759998,37.189999
37.380001,38.169998,36.689999,38.169998
37.490002,38.25,37.299999,38.169998
38.959999,39.75,37.759998,37.950001
37.889999,38.23,37.240002,37.950001
38,39.040001,37.849998,37.950001
38.220001,38.75,37.720001,37.740002
42.009998,43.740002,41.84,43.650002
43.540001,45.810001,43.369999,45.68
45.310001,45.75,44.610001,45.150002
44.880001,45.189999,44.349998,44.93
44.900002,46.970001,44.880001,46.509998
46.009998,46.18,45.84,46.110001
45.549999,45.77,45.419998,45.459999
45.25,45.709999,45.169998,45.27
45.32,45.900002,45.259998,45.66
45.759998,46.439999,45.75,45.93
45.389999,45.57,44.59,44.759998
44.619999,45.209999,44.5,45.209999
44.630001,45.720001,44.049999,44.200001
43.93,45.349998,43.880001,45.040001
44.900002,44.939999,44.200001,44.27
44.189999,44.43,44.119999,44.119999
43.880001,43.900002,43.509998,43.73
43.599998,43.77,43.330002,43.720001
43.610001,44.27,42.939999,43.77
43.740002,43.970001,43.220001,43.419998
43.32,43.32,42.27,42.369999
42.540001,42.799999,42.080002,42.310001
42.299999,42.630001,42.259998,42.369999
41.91,43,41.91,42.790001
42.389999,42.709999,41.959999,42.490002
42.439999,42.810001,42.040001,42.700001
42.52,42.970001,41.75,41.84
42,42.049999,41.040001,41.509998
41.549999,43.650002,41.509998,43.619999
43.5,44.299999,43.450001,43.73
43.450001,43.490002,42.830002,42.959999
42.990002,43.200001,42.810001,42.950001
42.720001,44.959999,42.689999,44.5
44.169998,44.380001,43.439999,43.93
43.880001,44.73,42.82,43.099998
43.200001,43.59,42.650002,42.709999
42.799999,42.919998,42.119999,42.799999
42.630001,43.43,42.169998,42.75
42.650002,43.009998,41.77,41.869999
41.849998,42.639999,41.25,41.25
41.200001,42.27,40.5,42.080002
41.970001,42.619999,41.549999,42.189999
42.450001,43.419998,42.400002,43.34
43.259998,43.73,42.82,43.16
43.25,43.740002,42.990002,43.369999
43.380001,44.799999,43.130001,44.790001
44.650002,45.84,44.599998,45.299999
45.330002,46.59,45.16,46.009998
46,46.119999,44.5,44.93
44.91,45.290001,43.889999,44.490002
44.560001,44.810001,43.330002,44.009998
44.27,44.610001,43.380001,43.720001
43.82,44.380001,43.580002,43.759998
43.919998,44.32,43.23,43.400002
42.91,43.68,42.439999,42.549999
42.43,42.98,41.900002,42.619999
43,43.869999,42.34,43.790001
43.630001,45.02,43.619999,45.02
44.919998,45.049999,44.299999,44.650002
44.540001,45.860001,44.279999,45.860001
45.900002,46.07,44.68,45.009998
45.669998,46.049999,45.150002,45.950001
46.119999,46.959999,45.860001,46.93
46.880001,47,46.040001,46.169998
41,41.099998,39.48,39.75
39.639999,39.900002,38.860001,39.060001
39.549999,39.650002,38.720001,38.950001
39.349998,40.389999,39.119999,39.860001
39.970001,40.740002,39.650002,40.369999
40.290001,41.23,39.799999,40.75
40.889999,42,40.849998,41.560001
41.490002,41.799999,40.91,41.09
41.080002,41.470001,40.549999,41.389999
41.330002,42.110001,41.029999,41.950001
41.790001,42,41.279999,41.400002
41.470001,42.450001,40.860001,42.18
42.369999,43.040001,42.25,42.68
42.52,43,42.34,42.529999
45.459999,45.650002,44.43,44.450001
44.27,45.400002,44.240002,45.299999
45.43,46.759998,45.360001,46.740002
46.900002,48,46.66,47.98
47.57,48.310001,47.279999,47.990002
47.5,49.009998,47.34,48.849998
48.77,48.959999,48.09,48.240002
48.049999,48.48,47.619999,48.060001
48.150002,49.119999,47.619999,48.349998
48.310001,49.43,48.119999,48.549999
48.48,48.68,47.549999,48.459999
48.880001,49.400002,48.630001,49
48.919998,49.529999,48.400002,49.060001
48.860001,49.349998,48.75,48.830002
49.060001,49.900002,49.060001,49.259998
49.310001,49.470001,48.290001,48.830002
48.830002,49.099998,47.860001,48.349998
48.650002,49.040001,48.25,48.740002
49.150002,49.299999,48.639999,49.07
48.540001,49.669998,48.48,49.5
49.200001,49.599998,48.790001,49.41
49.5,49.950001,49.049999,49.48
49.400002,49.919998,49.209999,49.209999
48.990002,50,48.32,48.369999
48.459999,48.599998,47.68,48.139999
48.290001,49.060001,47.779999,48.970001
48.900002,49.279999,48.360001,49.220001
49.09,49.389999,48.720001,49.220001
48.900002,49.099998,48.360001,48.560001
48.490002,48.549999,47.900002,48.060001
48.130001,48.459999,47.970001,47.990002
47.73,48.200001,47.139999,47.150002
47.470001,47.849998,46.25,47.580002
47.490002,47.73,46.689999,47.25
47.16,48.200001,47.110001,47.650002
47.970001,48.580002,47.32,47.869999
46.549999,47.099998,46.400002,47.080002
46.41,46.75,45.360001,45.650002
45.650002,45.700001,44.259998,44.93
44.790001,45.09,44.09,44.360001
44.470001,44.849998,44,44.400002
43.950001,44.32,43.66,44
43.189999,44.59,43.099998,44.32
44.490002,45.240002,44.299999,44.450001
44.23,44.360001,43.200001,43.919998
44.18,44.75,43.5,43.73
43.66,44.43,43.419998,44.02
44.049999,44.470001,43.34,43.599998
43.950001,44.779999,43.790001,44.68
44.549999,45.220001,44.529999,45.220001
45.41,45.970001,44.740002,44.959999
44.759998,45.209999,44.25,44.82
43.919998,44.689999,43.5,43.98
43.84,44.040001,39.799999,42.740002
37.700001,38.5,37.369999,38.330002
38.34,38.34,37.77,37.950001
38.09,38.200001,37.200001,37.52
37.700001,38.389999,37.110001,38.169998
38.610001,39,37.93,37.990002
37.98,38.52,37.369999,38.52
38.25,38.419998,37.529999,37.860001
38.040001,38.490002,37.380001,38.25
38.240002,39.279999,38.099998,39.259998
39.369999,40,38.830002,39.150002
38.93,39.380001,38.91,39.189999
39.009998,39.110001,38.259998,38.290001
38.310001,39.099998,37.709999,38.720001
38.619999,38.75,37.869999,37.900002
38.25,38.41,37.860001,38.349998
38.400002,38.779999,37.93,38.009998
37.790001,38.09,37.049999,37.439999
37.450001,37.689999,36.849998,37.119999
35.639999,37,35.369999,36.880001
36.889999,37.830002,36.669998,37.209999
37.32,37.580002,36.77,36.860001
36.709999,37.419998,36.700001,36.93
36.720001,37.470001,36.610001,36.810001
36.799999,36.959999,35.900002,36.119999
36.240002,36.5,35.740002,36.220001
36.310001,36.630001,35.970001,36.189999
36.040001,37,36.009998,36.91
36.950001,37,36.43,36.889999
37.080002,37.389999,36.740002,36.77
36.880001,36.98,35.849998,35.990002
35.919998,37.27,35.799999,36.23
35.919998,36.73,35.66,35.919998
36,36.540001,35.790001,36
35.959999,36.34,35.48,35.68
35.720001,36.119999,35.310001,35.470001
35.5,35.66,35.139999,35.25
35.209999,36.02,35.200001,35.689999
35.689999,36.810001,35.310001,36.32
36.450001,36.900002,36.18,36.669998
36.68,36.77,36.48,36.529999
36.669998,37.330002,36.099998,36.139999
36.139999,37.099998,36.02,36.77
36.66,37.34,36.27,37.34
37.200001,38.84,37.130001,38.509998
38.549999,38.669998,37,37.09
37.150002,37.279999,36.220001,36.610001
36.610001,36.75,35.52,36.060001
35.91,36.439999,35.91,36.130001
35.950001,36.720001,35.490002,36.619999
36.470001,36.619999,35.049999,35.27
35.389999,36.450001,35.200001,36.279999
36.119999,36.959999,35.889999,36.889999
36.700001,37.200001,36.23,36.34
36.619999,36.779999,35.720001,36.029999
36.119999,36.119999,35.32,35.790001
35.59,35.77,35.009998,35.549999
35.34,36.349998,35.150002,35.790001
35.509998,35.869999,35.299999,35.740002
35.77,35.889999,35.139999,35.209999
35.189999,35.57,34.439999,34.59
34.639999,34.939999,34.23,34.380001
34.290001,34.389999,33.509998,33.959999
34.619999,34.720001,34.380001,34.470001
34.650002,35.040001,34.150002,35.040001
34.990002,35.310001,34.470001,34.689999
34.419998,35.259998,34.209999,34.84
34.68,35,34.099998,34.16
34.119999,34.150002,33.080002,33.529999
33.560001,33.779999,32.549999,32.73
32.549999,32.849998,32.209999,32.779999
32.84,33.02,32.32,32.759998
32.450001,32.700001,31.530001,31.610001
31.709999,33.639999,31.52,32.610001
32.66,34,32.029999,33.939999
33.959999,34.990002,33.18,34.830002
35,36,33.759998,33.759998
33.41,35.23,33.369999,35.189999
35.360001,35.689999,34.599998,35.630001
35.66,36.5,35.459999,36.07
35.73,35.75,34.439999,34.639999
34.740002,34.939999,33.73,34.610001
34.630001,35.450001,34.299999,35.07
35.189999,35.220001,34.049999,34.759998
34.459999,34.540001,33.27,33.490002
33.580002,33.799999,32.93,33.41
33.400002,34.540001,32.91,33.77
33.549999,34.060001,32.419998,33.549999
33.5,34.349998,33.450001,33.779999
34,34.450001,33.490002,33.599998
33.490002,34.169998,33.130001,33.470001
33.5,33.990002,33.080002,33.68
33.84,35.169998,33.669998,34.959999
34.880001,35.259998,34.700001,35.09
35.200001,35.48,35.040001,35.07
35.009998,35.650002,34.880001,35.48
35.34,37.049999,35.34,36.650002
36.549999,36.849998,36.110001,36.369999
36.459999,36.650002,36.02,36.549999
36.549999,37.169998,36.43,36.77
36.720001,37.5,36.169998,36.48
36.700001,37.110001,36.48,36.700001
36.82,38.57,36.700001,38.52
38.580002,38.84,37.830002,38.68
38.52,38.619999,38.23,38.610001
38.279999,38.43,36.779999,37.110001
37.07,37.740002,36.52,36.799999
36.709999,37.279999,35.75,36.110001
36.299999,36.700001,35.400002,35.790001
35.740002,35.919998,35.009998,35.66
35.599998,35.900002,34.57,34.630001
34.330002,34.630001,33.709999,33.73
33.509998,33.73,32.799999,32.919998
32.790001,33.93,32.790001,33.669998
33.650002,34.290001,32.959999,33.490002
33.5,34.77,33.389999,34.48
34.389999,34.810001,33.830002,34.18
33.849998,33.970001,32.919998,33.189999
33.349998,34.68,33.34,34.310001
34,34.16,33.389999,33.59
28.76,29,25.959999,26.26
26.450001,26.799999,26.209999,26.559999
26.799999,27.18,26.57,27.17
27.02,27.290001,26.74,26.889999
26.549999,26.639999,25.84,26.32
26.15,26.299999,25.889999,26.09
26.09,26.9,25.9,26.690001
26.940001,27.59,26.799999,27.290001
27.190001,27.290001,26.59,26.780001
26.799999,27.02,26.190001,26.360001
26.540001,26.700001,26,26.209999
26.200001,26.52,25.879999,26.49
26.43,26.43,25.76,26.07
26.219999,27.059999,26.18,26.530001
26.969999,27.860001,26.620001,27.77
27.969999,28.139999,27.52,27.950001
27.959999,29.75,27.83,29.09
29.09,29.23,28.219999,29.120001
28.700001,28.98,27.969999,28.129999
28.139999,28.889999,28.049999,28.370001
28.559999,28.889999,27.77,28.139999
28.24,28.25,27.540001,27.969999
27.790001,28.23,27.620001,28.030001
28.4,29,28.27,28.91
28.969999,29.719999,28.75,29.52
29.57,30.85,29.48,30.67
30.75,30.99,30.469999,30.83
30.85,31.799999,30.85,31.76
31.610001,32.299999,31.24,32.23
31.76,31.98,30.65,30.799999
30.57,30.639999,29.68,29.73
30.190001,30.66,29.940001,30.51
30.23,31.129999,29.719999,30.790001
30.870001,31.940001,30.530001,31.719999
31.73,31.959999,31.370001,31.67
31.540001,31.870001,31.18,31.65
31.9,32.740002,31.58,32.52
32.450001,32.669998,31.879999,32.080002
32.240002,32.299999,30.82,31.58
31.809999,32.810001,31.799999,32.119999
32.240002,32.560001,30.07,30.219999
30.219999,30.950001,29.9,30.84
31.049999,31.969999,30.74,31.790001
31.889999,32.59,31.799999,32.5
32.279999,32.459999,31.93,32.330002
32.27,32.330002,31.219999,31.84
32.009998,32.34,31.540001,32.119999
31.98,32.029999,30.83,30.870001
30.9,32,30.58,31.700001
31.75,32.830002,31.299999,32.759998
32.68,33.400002,32.400002,33.32
33.150002,33.220001,32.5,32.59
32.490002,33.48,32.450001,33.380001
33.27,33.580002,32.490002,32.619999
32.610001,33.150002,32.27,32.91
33.099998,33.709999,32.630001,33.549999
33.349998,33.580002,33.080002,33.32
32.849998,33.200001,32.549999,32.599998
32.200001,32.610001,31.75,32.470001
32.57,32.779999,32,32.310001
32.169998,32.84,32.099998,32.540001
32.689999,32.689999,32.209999,32.57
32.470001,32.91,32.139999,32.880001
32.869999,38,32.860001,33.630001
37.299999,37.98,36.040001,37.68
37.25,38.490002,37.18,38.299999
38.150002,38.380001,37.66,38.240002
38.049999,38.34,37.68,38.150002
38.220001,38.59,37.799999,38.09
38.130001,38.200001,37.459999,37.560001
37.330002,37.77,37.110001,37.450001
37.610001,37.709999,36.869999,37.459999
37.639999,38.349998,37.529999,38.209999
38.200001,39,38.040001,38.77
38.580002,39.48,38.459999,39.470001
39.5,39.77,38.810001,38.84
38.790001,39.360001,38.759998,39.259998
39.23,40,39.130001,39.990002
40.110001,41.669998,39.619999,41.509998
41.5,43.099998,41.5,42.599998
42.450001,42.950001,42.400002,42.84
42.549999,42.669998,42.220001,42.549999
42.349998,42.549999,41.939999,42.439999
42.549999,43.25,42.119999,42.540001
42.5,42.98,42.18,42.959999
42.560001,42.939999,42.310001,42.41
42.18,42.799999,40.720001,40.849998
40.75,41.07,40.299999,40.919998
40.48,41.099998,40,40.630001
40.419998,40.639999,39.849998,40.34
40.259998,40.540001,39.09,39.41
39.310001,39.48,38.869999,39.099998
39.130001,39.299999,38.720001,38.98
38.77,39.580002,38.639999,38.900002
38.93,39.09,38.049999,38.119999
37.919998,38.950001,37.700001,38.459999
38.220001,39.150002,38.080002,38.689999
38.439999,38.939999,38.150002,38.459999
38.610001,39.189999,38.189999,38.5
38.740002,39.540001,38.599998,39.02
39.380001,40.189999,39.23,40.009998
40.200001,40.639999,38.860001,39.259998
38.779999,39.720001,38.23,39.419998
39.43,40.299999,39.389999,40.009998
39.869999,40.34,39.650002,39.889999
39.98,40.509998,39.91,40.240002
40.130001,40.130001,39.419998,39.799999
39.860001,40.470001,39.799999,40.290001
40.380001,40.630001,39.919998,40.209999
40.060001,40.25,39.349998,39.459999
38.68,39.060001,38.049999,38.700001
38.59,39.139999,38.259998,38.900002
38.720001,38.790001,37.599998,38.369999
38.220001,38.310001,37.169998,37.5
37.599998,38.060001,37.34,37.779999
37.490002,37.700001,37.07,37.150002
37.169998,38,37.169998,37.400002
37.360001,38.209999,37.27,38.200001
38.400002,38.889999,37.970001,38.66
38.700001,39,37.779999,37.880001
37.5,37.650002,36.720001,36.98
36.689999,37.48,36.599998,37.02
37.650002,37.900002,36.799999,36.950001
36.900002,37.07,36.299999,36.43
36.509998,37.360001,36.5,37.259998
38.080002,38.23,36.779999,37.080002
37.259998,37.259998,36.299999,36.849998
36.700001,37.450001,36.540001,37.43
37.290001,37.419998,36.630001,37.049999
36.950001,38.189999,36.759998,37.669998
37.950001,39.299999,37.849998,38.700001
37.23,37.740002,36.68,37.389999
37.25,37.419998,36.77,37.16
37.200001,38.41,37.080002,38.27
38.490002,39.52,38.400002,38.98
38.950001,39.509998,38.669998,39.099998
39.189999,39.310001,38.66,38.720001
38.790001,38.990002,38.360001,38.849998
38.849998,39.610001,38.849998,39.310001
39.23,40.279999,39.139999,40.139999
40.139999,40.32,39.860001,40.060001
39.900002,40.439999,39.869999,40.330002
40.130001,41.740002,40,41.509998
41.189999,41.32,40.919998,41.259998
41.400002,42,40.889999,41
41,41.200001,40.740002,40.779999
40.860001,41.200001,40.400002,40.880001
40.189999,40.540001,38.779999,38.830002
38.91,39.580002,38.080002,39.139999
39.32,39.32,38.049999,38.849998
38.32,38.869999,37.689999,37.689999
37.150002,38.32,37.040001,37.049999
37.689999,38.66,37.41,38.580002
38.68,39.32,38.279999,38.360001
38.77,39.220001,37.98,38.099998
38.48,38.889999,38,38.84
38.639999,39.049999,38.380001,38.810001
38.299999,38.880001,37.689999,37.82
37.759998,38.220001,37.259998,38.080002
38.099998,38.290001,37.549999,37.779999
37.720001,38.080002,37.52,37.849998
38,38.540001,38,38.450001
38.529999,38.689999,38.23,38.580002
38.549999,39.799999,38.310001,39.799999
39.48,39.720001,38.91,39.490002
39.560001,39.599998,38.98,38.98
38.98,39.049999,38.43,39.009998
38.82,39.419998,38.759998,39.369999
39.09,39.509998,38.740002,39.34
39.650002,39.919998,39.299999,39.810001
39.75,40.240002,39.419998,39.790001
39.849998,40.470001,39.549999,40.419998
40.419998,41.380001,40.400002,41.189999
41.220001,41.549999,40.919998,41.529999
41.57,41.759998,41.439999,41.68
41.720001,42.139999,41.610001,41.66
41.57,41.959999,41.459999,41.860001
41.73,41.869999,41.240002,41.68
41.73,42.369999,41.400002,42.27
42.189999,42.5,41.93,42.41
43.77,45.299999,43.669998,45.200001
45.279999,45.32,44.75,45.07
44.799999,45.150002,44.630001,44.990002
44.610001,45.150002,44.41,44.639999
45.09,45.169998,44.52,44.950001
44.27,44.810001,44.16,44.77
44.75,45,44.43,44.75
53.119999,57.18,52.950001,56.810001
56.5,63.040001,56.07,62.779999
61.240002,63.84,60.619999,62.599998
61.91,62.439999,61.18,61.330002
61.119999,62.040001,60.279999,62.040001
61.68,62.25,60.900002,61.18
61.080002,62.540001,60.759998,62.189999
62.389999,63.75,62.349998,63.23
62.43,63.23,60.709999,60.82
60.540001,61.84,59.700001,61.830002
62,62.950001,61.299999,62.849998
62.439999,62.650002,60.849998,60.919998
60.959999,61.599998,60.560001,61.560001
61.68,61.740002,60.599998,61.700001
61.400002,61.970001,60.52,60.580002
61.02,63.34,60.099998,63.220001
62.880001,63.52,62.02,62.169998
62.48,63.299999,62.279999,63.299999
63.580002,68.68,63.299999,68.300003
68.480003,69.07,67.209999,68.879997
69.209999,73.309998,68.790001,69
69.040001,70.419998,67.709999,69.349998
69.690002,69.699997,68.25,68.550003
68.43,69.779999,67.720001,69.629997
69.059998,70.080002,68.860001,69.860001
70.68,70.739998,68.57,69.139999
68.900002,69.300003,68.349998,68.580002
68.25,70.650002,67.650002,70.419998
71.099998,74.239998,70.860001,73.650002
73.139999,73.75,71.860001,72.290001
72.57,74.720001,70.879997,72.040001
72.470001,73.239998,71.050003,73.239998
73,73.050003,71,71.169998
70.440002,70.760002,69.419998,70.07
70.900002,71.889999,69.25,70.889999
70.900002,72.120003,70.800003,71.940002
72.849998,72.870003,71.190002,72.400002
72.339996,72.639999,71.400002,71.830002
71.550003,71.660004,69.68,69.809998
70.25,70.5,69.050003,69.099998
69.160004,69.769997,68.660004,69.669998
69.550003,69.879997,68.419998,68.860001
69.349998,69.629997,68.300003,68.660004
68.529999,68.629997,67.379997,67.480003
66.959999,68.209999,66.709999,68.139999
68.459999,70.230003,68.150002,68.889999
69.029999,69.190002,68.150002,68.410004
68.809998,69.709999,68.199997,69.610001
70.040001,70.050003,69.019997,69.449997
69.360001,69.650002,68.059998,68.730003
68.75,69.300003,68.010002,68.970001
69.379997,72.349998,69.019997,72.07
71.650002,71.940002,70.07,70.279999
70.580002,71.650002,70.150002,70.730003
71.309998,73.57,70.730003,72.790001
73.080002,75.349998,72.970001,75.099998
74.730003,74.839996,73,73.690002
74.389999,74.519997,73.589996,73.790001
73.269997,73.489998,72.25,73.32
74.239998,74.32,73.120003,73.349998
72.620003,72.959999,70.5,71.629997
71.779999,72.669998,70.849998,71.739998
71.040001,72.160004,68.849998,69.25
84.660004,88.800003,83.650002,86.18
85.019997,89,83.43,84.010002
84.269997,85.330002,82.480003,84.040001
83,84.050003,81.510002,82.699997
83.699997,83.730003,78,78.540001
78.099998,78.150002,75.059998,77.309998
77.860001,79.760002,76.120003,79.709999
79.540001,80.75,76.709999,76.800003
77.059998,79,76.599998,79
78.550003,80,77.889999,79.139999
79.769997,79.879997,76.559998,77.779999
76.400002,77.260002,74.110001,74.110001
73.150002,76.5,72.370003,74.779999
76.089996,76.32,74.699997,74.870003
74.790001,74.790001,72.919998,73.449997
73.019997,75.150002,72.260002,72.379997
72,73.239998,70.050003,72.790001
74.489998,75.040001,73.110001,75.019997
74.980003,75.279999,73.800003,74.699997
74.209999,77.830002,74.089996,77.489998
78.239998,79.489998,77.839996,78.5
78.940002,79,76.510002,77.300003
76.800003,79.400002,76.690002,79.25
80.559998,80.800003,78.419998,78.650002
77.860001,78.650002,76.080002,76.220001
76.959999,79.050003,76.860001,79.050003
78.400002,80.110001,78.300003,78.68
80,80.529999,79.699997,79.910004
79.900002,83.529999,79.730003,82.699997
82.239998,84.889999,82.220001,83.75
84.5,86.459999,82.849998,86.209999
84.699997,84.970001,83.209999,84.519997
84.93,85.160004,82.510002,83.339996
84.169998,86.610001,83.529999,86.279999
86.07,88.889999,85.970001,87.300003
87.949997,88.07,86.5,87.260002
86.410004,88.089996,86.309998,87.769997
86.980003,87.339996,85.980003,86.910004
87.379997,91.599998,86.709999,88.75
89.519997,89.82,88.260002,89
88.900002,90.419998,88.82,89.650002
90.290001,91.900002,89.650002,91.300003
91.300003,93.75,90.809998,92.589996
91.989998,93.5,90.949997,93.480003
94.040001,94.260002,92.290001,93.43
94.07,94.110001,93.110001,93.379997
92.769997,93.599998,91.699997,93.150002
93.419998,94.099998,92.830002,93.410004
93.860001,93.900002,91.400002,92.360001
92.190002,92.800003,91.779999,92.459999
92.550003,92.57,91.449997,92.260002
93.550003,93.709999,92.339996,93.43
94.220001,95.849998,94,95.849998
96.589996,96.730003,94.75,95.32
95.5,95.75,94.370003,94.660004
95.330002,95.739998,88.129997,89.339996
89.419998,92.389999,88.919998,92.370003
91.800003,92.120003,90.099998,90.529999
88.690002,90.050003,88.5,89.529999
91.900002,91.900002,89.059998,90.550003
89.370003,90.43,89.150002,89.849998
89.93,90.650002,89.32,89.760002
89.25,91.690002,89.019997,91.290001
95.279999,101.089996,94.209999,100.82
90.870003,90.879997,83.269997,88.730003
88.230003,89.5,86.32,88.209999
89,90.879997,87.699997,90
90.410004,91.470001,89.480003,90.099998
89.669998,90.650002,88.050003,88.239998
88.050003,89.599998,87,89.150002
87.75,89.580002,86.5,87.650002
87.970001,88.120003,83.5,85.980003
84.349998,86.019997,82.760002,84.370003
84.610001,87.5,84.370003,87.269997
86.410004,89.160004,86.160004,87.040001
86.800003,86.959999,81.400002,83.580002
82.419998,82.419998,78.839996,78.889999
78.260002,80.089996,76.5,77
77.910004,80.050003,77.800003,79.860001
80.400002,81.150002,78.150002,78.510002
79.43,79.730003,76.699997,77.849998
77.010002,78.989998,76.629997,78.599998
78.830002,79.75,77.940002,79.18
79.860001,82,78.309998,80.389999
79.239998,80.860001,78.650002,79.760002
80.110001,81.449997,78.980003,81.43
82.300003,84.489998,81.139999,81.300003
82.919998,85.650002,82.209999,85.589996
87.550003,90.57,86.75,90.300003
89.889999,91.470001,88.68,89.150002
90.559998,91.080002,88.309998,90.559998
90.029999,92.25,89.769997,90.910004
90.040001,94.559998,90.040001,94.410004
94.989998,94.989998,91.980003,93.190002
93.279999,95,92.830002,94.209999
94.559998,94.68,92.910004,94.309998
94.309998,94.349998,92.300003,93.019997
93.099998,95.940002,90.75,90.75
92.839996,93.75,89.32,91.279999
91.050003,93,90.629997,92.400002
90.769997,91.239998,88.93,89.080002
89.010002,89.059998,84.989998,85.089996
85.830002,87.459999,83.860001,86.889999
86.940002,89.949997,86.830002,89.379997
90.139999,90.75,89.089996,90.580002
91.470001,92.279999,90.389999,91.260002
91.050003,91.559998,90.300003,91.010002
91.480003,93.940002,90.5,92.849998
92.669998,95.290001,92.5,94.25
95.269997,95.900002,92.099998,94.449997
93.809998,94.370003,92.449997,92.639999
95.349998,97.43,94.699997,96.25
96.059998,97.25,94.519997,95.209999
93.260002,93.400002,88.5,88.790001
88.620003,90.57,85.470001,88.82
87.550003,91.830002,86.93,87.879997
87.559998,87.800003,80.239998,85.220001
83.980003,85.970001,82.970001,84.260002
84.029999,84.029999,80.290001,81.080002
82.18,83.32,78.870003,82.870003
80.489998,81.010002,78.510002,80.239998
79.580002,82.360001,78.440002,80.349998
80.160004,82.25,79.540001,80.120003
79.93,82.309998,78.040001,79.760002
73.580002,79.720001,72.220001,78.480003
75.599998,76.800003,69.949997,73.970001
74.529999,77.879997,74.190002,77.669998
78.690002,81.43,76.330002,77.599998
76.910004,77.400002,74.339996,75.82
75.769997,75.900002,72.059998,73.949997
73.540001,77.419998,73.25,74.209999
68.910004,78.870003,68.839996,77.699997
79.019997,79.400002,73.370003,74.629997
74.5,76.660004,73.900002,73.949997
72.800003,74.209999,72,72.089996
72.300003,72.43,68.169998,68.489998
67.370003,72.709999,67.220001,70.910004
73.400002,74.599998,72.519997,73.5
73.139999,75.959999,72.769997,75.190002
75.43,77.050003,73.790001,74.449997
74.989998,78.849998,73.269997,77.730003
77.730003,77.879997,75.18,75.800003
75,75.190002,71.940002,72.959999
73.540001,74,71.550003,72.080002
71.900002,73.879997,71.099998,73.639999
73.940002,74.209999,69.370003,69.900002
70.540001,72.209999,69.860001,72.080002
72.349998,73.5,71.410004,73.269997
71.910004,73.5,70.279999,71.690002
70.68,71.480003,69.57,70.870003
70.300003,70.599998,67.110001,67.849998
67.010002,67.5,63.970001,64.470001
63.59,64.489998,61.200001,62.43
61.669998,66.599998,61.23,65.339996
65.660004,66.339996,63.82,64.989998
64.75,65.459999,62.5,62.740002
62.200001,64.870003,62.009998,64.089996
63.900002,65.150002,62.91,63.470001
65.949997,67.169998,63.709999,67.150002
66.769997,68.230003,65.639999,66.510002
65.110001,69.550003,64.370003,68.32
68.610001,70.68,66.059998,68.220001
65.720001,67.790001,64.919998,66.529999
68.25,71.93,67.589996,71.699997
71.099998,74,70.169998,70.169998
70.169998,73.489998,69.379997,73.190002
73.82,76.93,72.75,75.949997
75.830002,76.290001,74.050003,75.169998
74.139999,75.120003,73.239998,73.800003
74.370003,74.690002,70.800003,70.800003
71,72.209999,69.260002,69.760002
70.25,71.639999,69.629997,71.300003
72.989998,77.089996,72.760002,76.699997
77.080002,79,76.120003,77.370003
75.150002,76.010002,73.809998,74.940002
75.260002,77.830002,74.279999,76.870003
77.360001,78.43,76,76.900002
76.400002,77.610001,75.5,77.300003
76.559998,76.669998,73.660004,74.389999
74.480003,75.489998,72.730003,74.830002
73.839996,74.300003,71.620003,71.989998
71.699997,74,71.290001,72.610001
72.970001,73.980003,70.650002,72.5
73.019997,75,72.940002,74.589996
74.18,75.019997,73.610001,74.040001
76.480003,82,76.32,80.099998
80.029999,81.339996,79.059998,80.18
79.940002,79.940002,77.540001,79.599998
80.300003,82.639999,78.739998,81
77.709999,80.529999,76.93,77.690002
77.809998,81.32,77.260002,80.860001
80.639999,82.5,80.120003,81.970001
81.419998,81.769997,79.860001,80.739998
80.900002,81.339996,77.919998,78.629997
78.400002,80.010002,77.970001,79.360001
80.300003,81.199997,76.400002,77.309998
77.269997,77.769997,75.870003,75.919998
75.510002,76.769997,75.050003,75.709999
75.260002,76.639999,73.089996,73.18
73.730003,74.160004,71.559998,72.790001
72.199997,73.339996,71.660004,72.410004
73,74.93,71.779999,74.529999
74.57,74.959999,73.309998,74.559998
74.919998,75.75,73.980003,74.199997
73.889999,76.32,73.550003,76.120003
76.419998,76.830002,74.860001,76.459999
79.010002,84.75,78.860001,82.290001
82.169998,82.699997,80.029999,80.720001
80.370003,81.150002,77.5,78.300003
78.68,79.690002,78,79.260002
78.550003,78.870003,77.43,78.349998
78.260002,80.900002,77.970001,80.620003
80.730003,80.790001,78.989998,80.080002
80.610001,81.959999,80.169998,80.349998
80.580002,81.769997,80.300003,81.620003
81.150002,81.57,80.050003,80.230003
80.709999,81.889999,79.260002,80.110001
80.110001,81.82,79.720001,81.5
82.110001,84.879997,81.800003,84.510002
83.239998,83.639999,80.559998,80.629997
81.190002,81.529999,78.120003,79.43
78.199997,81.040001,78.199997,79.620003
79.349998,80,77.029999,77.279999
78.019997,79.050003,75.010002,76.150002
76.699997,80,76.699997,79.169998
78.419998,82.529999,78.410004,81.699997
83.150002,84.300003,82.800003,82.970001
82,83.169998,81.32,82.519997
82.209999,84.470001,81.5,84.260002
83.099998,83.459999,80.510002,81.099998
81.300003,82.150002,79.550003,80.68
79.550003,80.790001,77.629997,79.639999
80.449997,82.150002,79.519997,80.510002
79.099998,79.889999,76,76.300003
75.589996,76.07,72.620003,74.660004
75.029999,76.120003,73.209999,73.330002
72.239998,74.230003,70.519997,73.620003
74.160004,74.410004,71.379997,71.440002
72.510002,73.839996,70.519997,72
72.370003,74.400002,70.760002,72.489998
72.379997,75.489998,71.75,75.040001
74.559998,74.900002,70.480003,70.610001
70.699997,71.769997,67.989998,70.629997
69.400002,69.989998,66.739998,68.540001
69.309998,69.5,65.589996,66.279999
65.870003,68.620003,62.990002,67.029999
66.940002,72.75,66.839996,71.839996
71.199997,72.379997,67.739998,72.110001
69.940002,70.839996,68.400002,69.120003
69.519997,69.800003,66.300003,68.480003
67.089996,69.139999,65.879997,67.970001
67.459999,72.07,67.459999,70.540001
76.300003,82.379997,76.290001,78.720001
79.629997,80.940002,78.120003,78.309998
77.089996,78.309998,74.860001,75.980003
76.489998,78.800003,76.160004,78.209999
78.360001,79.849998,76.419998,78.209999
76.75,78.169998,76.099998,76.339996
76.360001,76.489998,74.050003,75.75
75.989998,77.300003,75.010002,75.709999
76.919998,79.519997,76.519997,79.110001
78.550003,78.629997,76.730003,78.089996
77.010002,78.050003,76,76.949997
76.779999,81.209999,76.290001,80.510002
80.18,91.75,79.779999,88.089996
87.32,88.480003,86.099998,87.25
86.279999,88.25,84.540001,86.690002
85.709999,88.75,85.220001,88.029999
88.279999,89.529999,86.260002,86.400002
86.089996,86.279999,83.040001,83.110001
83.089996,83.510002,81.059998,81.290001
82,83.25,81.199997,82.129997
81.410004,83.769997,80.980003,83.260002
84.269997,85.459999,83.93,85.260002
84.629997,84.639999,82.449997,82.849998
82.739998,83.120003,81.25,81.760002
81.440002,82.739998,81,81.730003
82.209999,83.650002,81.800003,83.419998
82.900002,82.900002,80.5,80.809998
83.160004,84.5,81.209999,81.410004
81.400002,82,80.019997,80.769997
80.599998,80.809998,78.019997,78.029999
77.339996,80.720001,77.080002,79.190002
82.25,83.75,78.849998,81.160004
80.760002,81.959999,78.989998,79.040001
80.010002,80.220001,76.150002,76.739998
75.269997,79.800003,75.099998,79.510002
78.809998,79.599998,76.620003,78.300003
76.860001,79.879997,76.300003,77.339996
76.800003,79.629997,76.669998,78.730003
77.68,78.239998,71.239998,71.540001
73.080002,77.5,70.080002,76.5
80.120003,86.769997,76.5,81
81.129997,81.629997,74.32,74.93
75.790001,76.290001,70.769997,71.760002
72.300003,73.650002,68.940002,69.959999
70.660004,72.75,70.010002,72.080002
69.519997,71.050003,68.080002,70.699997
68.410004,69.370003,61.32,63.349998
65.839996,73.120003,65.32,72.760002
71.779999,71.989998,68.410004,69.580002
67.629997,68.959999,65.410004,67.360001
69.419998,70.949997,66.589996,67
64.059998,65.889999,60.470001,65.230003
65.790001,66.43,58.5,58.52
55.639999,62.75,55.349998,61.02
61.970001,63.5,56,56
52.990002,59.75,51.049999,56.25
58.959999,62.209999,57.369999,62.02
63.5,64,54.799999,55.860001
54.459999,54.689999,48.349998,48.720001
46.400002,50.700001,43.389999,50.290001
48.830002,62.330002,48.41,50.650002
52.169998,53.099998,49.91,52.970001
51.860001,52.950001,49.919998,50.23
50.049999,52.470001,47.900002,49.990002
43.369999,50.91,43.310001,50.32
44.75,52.32,44.5,48.959999
49,52.59,48.43,49.580002
51.5,56.299999,49.07,56.040001
55.529999,59.790001,54.52,56.889999
58.759998,59.889999,55.080002,56.709999
56.009998,57.25,55.009998,57.240002
56.349998,57.25,55.02,55.77
57.16,58.73,55.220001,58.450001
57.470001,58,51.619999,51.98
49.799999,51.040001,46.299999,47.220001
47.759998,49.790001,47.009998,49.209999
49.98,50.68,46.860001,48.459999
47.099998,48.060001,44.810001,46.299999
43.990002,45.439999,40.900002,41.560001
41.400002,45,38.48,44.93
43.610001,44.5,41.5,41.75
39.91,41.259998,39.07,39.689999
39.73,40.66,36.080002,38.439999
37.970001,39,35.75,35.84
35.290001,39.720001,34.68,35.029999
36.389999,39,35.720001,37.869999
38.790001,43.439999,38.700001,42.5
42.09,42.889999,39.610001,42.189999
40.869999,44,40.290001,43.959999
44.029999,44.099998,42.220001,42.700001
42,43.259998,40.380001,40.470001
41.389999,41.709999,38.82,41.189999
40.16,45.880001,40.049999,45.209999
45.939999,50.5,45.75,47.32
45.889999,48.490002,43.299999,48.259998
49.150002,52.139999,47.360001,51.41
49.810001,54.48,49.700001,51.25
51.459999,51.5,48.34,49.700001
49.330002,50.490002,48.169998,48.25
47.52,51.380001,47.52,51.25
50.650002,50.950001,48.150002,48.849998
49.619999,52.959999,49.290001,52.630001
52.259998,54.77,51.529999,53.18
53,54.849998,51.200001,52.080002
51.59,52.990002,50.919998,51.560001
51.599998,52.150002,48.470001,49.84
50.119999,51.610001,50.119999,51.080002
51.66,51.950001,51.009998,51.439999
53.790001,53.950001,51.549999,51.779999
51.43,51.77,48.560001,49.400002
49.509998,51.209999,48.740002,50.759998
50.740002,51.689999,49.91,51.279999
51.349998,54.529999,51.07,54.360001
55.73,55.740002,53.029999,54.060001
54.549999,58.220001,53.75,57.360001
56.290001,56.950001,55.349998,56.200001
54.990002,57.32,54.580002,57.16
56.919998,57,54.700001,55.509998
54.119999,54.299999,50.869999,51.919998
50.959999,53.290001,50.75,51.450001
50.099998,50.099998,48.139999,48.490002
48.560001,52.23,47.630001,51.439999
51.799999,52.330002,49.529999,51.59
50.75,51.700001,48.27,48.439999
49.310001,50.689999,48.25,50.540001
49.419998,50.880001,48.259998,49.939999
48.900002,51.419998,48.450001,50.630001
50.18,50.889999,48.52,49.630001
49.299999,50.419998,47.720001,48.439999
49.720001,51.490002,48.970001,50.360001
49.959999,51.849998,49.139999,50
57.360001,59.740002,57.240002,58.82
58.57,62,58.130001,61.150002
60.869999,64.199997,60,63.59
63.380001,63.439999,60.830002,61.060001
61.150002,63.810001,60.630001,63.18
63.18,67,63.18,66.550003
66.559998,67.360001,65.379997,66.709999
66.150002,67.230003,63.07,63.310001
63.099998,64.900002,62.25,64.349998
63.25,64.25,61.709999,63.959999
63.970001,64.68,62.869999,63.259998
61.669998,62.650002,61.18,61.669998
62.27,62.779999,60.52,62.349998
62.84,64.18,61.669998,61.950001
61.07,64.150002,60.84,63.860001
64.160004,64.910004,61.52,61.709999
61.970001,66.099998,61.889999,65.599998
64.900002,65.75,62.82,63.709999
64.120003,64.730003,62.34,62.34
61.259998,65.080002,60.939999,64.790001
63.939999,65.519997,61.509998,61.990002
62.75,63.290001,61.299999,61.700001
62.799999,65.790001,62.400002,64.809998
64.120003,65.800003,63.599998,64.769997
65.199997,65.5,59.82,61.689999
62.200001,64.029999,60.150002,60.490002
62.490002,65.900002,61.779999,65.709999
66.239998,69.370003,65.269997,68.540001
68.349998,69.870003,67.25,69.580002
69.639999,69.739998,67.529999,68.629997
68.559998,69.290001,66.68,66.980003
67.370003,71.709999,67,71.349998
70.970001,73.910004,70.129997,71.25
71.400002,71.910004,69.239998,70.099998
70.389999,70.889999,69.080002,69.959999
71.360001,75.610001,70.699997,75.580002
74.849998,75,72.309998,72.809998
73.089996,73.949997,69.839996,72.400002
73.470001,74.980003,72.639999,73.690002
71.610001,72.290001,70.099998,70.519997
70.400002,71.669998,69.75,71.440002
72.610001,74.5,72.120003,73.440002
73.019997,75.089996,71.709999,73.5
73.629997,77.239998,73.440002,76.339996
76.419998,78.32,75.5,78.169998
77.260002,78.360001,76,77.989998
76.970001,77.080002,74.879997,75.510002
75.93,77.110001,74.57,76.980003
77.510002,80,77.260002,79.769997
79.839996,79.970001,77.849998,78.940002
78,79.459999,76.940002,77.220001
75.5,75.809998,73.510002,74.709999
75.330002,77.480003,75.160004,77.25
76.779999,78.720001,75.879997,78.050003
78.440002,79.790001,76.830002,77.57
77.330002,79.099998,77.290001,78.739998
78.169998,82.18,77.809998,79.199997
81.330002,82.059998,79.080002,80.610001
82.029999,86.68,80.730003,84.459999
83.879997,84.980003,82.209999,83.120003
82.68,85.349998,82.400002,82.400002
82.989998,82.989998,79.260002,79.790001
80.93,82.669998,79.889999,80.519997
80.379997,80.379997,77.849998,78.959999
80.260002,81.349998,78.849998,79.769997
81.010002,82,80.190002,81.900002
82.879997,83.599998,79.660004,81.989998
82.730003,82.75,77.879997,79.279999
79.690002,80.230003,76.309998,77.949997
76.800003,79.849998,76.010002,78.610001
78.699997,78.970001,76.529999,77.93
76.25,76.650002,74.010002,74.190002
73.790001,76.059998,73.309998,75.110001
74.540001,76.209999,73.419998,73.599998
73.959999,75.959999,73.099998,75.949997
75.43,78.959999,75.120003,77.870003
78.5,81.110001,77.419998,77.970001
76.75,77.970001,75.400002,75.959999
76.099998,77.040001,75.019997,75.639999
75.029999,78.480003,74.550003,78.389999
78.510002,79.5,76.75,77.099998
77.699997,79.099998,75.879997,77.650002
77.720001,78.010002,76.400002,77.989998
78.209999,84.800003,77.489998,83.050003
82.419998,85.449997,82.099998,84.93
83.309998,85.709999,83.129997,85.68
85.419998,86.400002,84.57,85.519997
86.290001,87.949997,85.300003,87.559998
86.75,87.18,85.110001,86.360001
86.93,87.669998,86.169998,87.080002
87.580002,88.559998,84.830002,86.589996
86.300003,87.489998,85.050003,85.690002
85.029999,85.199997,82.010002,84.080002
82.830002,83.300003,81,83.18
83.699997,83.949997,81.279999,82.150002
82.5,84.300003,80.639999,82.650002
82.809998,82.949997,81,81.599998
82.150002,83.459999,81.5,82.959999
82.410004,82.43,78.559998,79.150002
78.970001,79.099998,76.25,77.68
78,80.529999,77.800003,79.269997
79.099998,82.230003,79.029999,82.199997
81.900002,84.139999,81.129997,83.879997
83.870003,84.199997,82.410004,83.029999
83.620003,84.919998,82.470001,83.660004
84.419998,84.5,81.370003,81.599998
81.110001,81.370003,78.510002,79.32
78.449997,78.889999,76.540001,78.099998
78.529999,78.690002,75.410004,75.629997
76.459999,77.93,75.699997,77.360001
78.25,78.540001,76.82,78.099998
77.519997,78.82,76.169998,77.629997
78.07,81.650002,78.010002,81.470001
81.480003,82.419998,80.419998,81.949997
83,84.639999,82.779999,84.550003
84.419998,86.239998,83.720001,86.110001
85.800003,86.5,85.199997,85.849998
86.269997,88.879997,86.260002,88.230003
88.519997,89.010002,87.400002,89.010002
88.650002,89.230003,87.779999,88.790001
89.839996,94.400002,89.589996,93.870003
87.599998,88.900002,85.5,86.489998
86.239998,86.489998,83.559998,84.239998
83.839996,85.639999,82.599998,84.980003
84.470001,85.5,83.519997,84.339996
85.639999,87.25,85.169998,86.089996
85.760002,86.75,84.620003,85.760002
86.559998,88.199997,86.559998,87.440002
87.480003,87.480003,84.93,85.800003
85.639999,85.75,83.019997,84.290001
84.309998,84.839996,83.050003,84.470001
84.099998,85.959999,84.099998,85.32
85.010002,85.470001,83.269997,84.440002
83.639999,84.400002,82.449997,83.559998
83.419998,86.599998,83.379997,85.959999
85.720001,86.370003,84.07,84.599998
84.110001,84.169998,82.779999,83.580002
81.160004,81.779999,80.25,81.059998
81.410004,82.690002,80.790001,82.120003
80.910004,83,80.489998,83
82.980003,84.349998,82.660004,84.089996
84.779999,85.059998,83.540001,85
85.169998,85.589996,84.239998,84.5
84.660004,86.339996,83.949997,84.190002
84.099998,84.760002,83.379997,84
84.010002,84.849998,83.139999,84.309998
84.779999,84.989998,82.57,82.760002
81.93,81.949997,80.349998,81.190002
80.739998,82.419998,79,79.160004
79.040001,80.150002,77.800003,78.139999
78.389999,78.959999,77.510002,78.459999
78.269997,79.779999,77.629997,78.870003
79.860001,81.040001,78.870003,80.900002
80.599998,82.629997,80.5,82.239998
82.330002,84.07,82.300003,83.849998
84.440002,84.900002,83.760002,84.540001
83.809998,84.57,83.459999,83.860001
84.169998,84.410004,82.790001,83.550003
85.910004,90.980003,85.900002,90.699997
90.75,91.190002,89,90.440002
90.739998,91,89.470001,90.279999
89.690002,90.760002,88.480003,90.559998
91.459999,94.190002,91.099998,93.75
92.82,94.5,92.220001,92.379997
92,92.709999,90.769997,92.110001
91.440002,92.25,89.75,90.519997
91.040001,92.809998,90.599998,92.209999
91.959999,92.330002,90.099998,91.720001
92.260002,94.169998,91.43,93.360001
92.5,92.900002,90.370003,91.040001
90.050003,91.139999,89.580002,89.849998
90.25,90.93,88.269997,88.669998
89.330002,91.080002,88.400002,90.910004
91.5,94.480003,91.150002,93.970001
94.800003,96.720001,94.230003,95.220001
95,95.949997,94.260002,95.709999
96.169998,96.25,93.07,93.599998
93.830002,95.25,93.68,94.830002
96.220001,97.82,96.019997,97.459999
95.129997,97.059998,95.080002,96.010002
95.300003,96.120003,93.610001,95.32
95.349998,96.279999,94.25,94.68
95.910004,96.099998,94.269997,94.980003
95.269997,96.629997,92.910004,93.419998
93.660004,94.099998,91.699997,93.449997
111.050003,119.650002,110.620003,118.489998
119.209999,125.68,118.489998,124.639999
122.93,124.260002,119.419998,122.07
121.57,125.120003,120.760002,121.639999
123.900002,124.300003,120.120003,122.580002
121.970001,122.900002,118.209999,118.809998
118.660004,119.5,116.709999,118.839996
117.669998,118.879997,116.629997,118.370003
119,119.25,116.760002,117.099998
117.459999,120.949997,116.25,120.610001
123,126.980003,122.669998,126.199997
127.110001,128.320007,125.589996,126.669998
126.800003,130.610001,126,130.149994
131.080002,131.309998,128.330002,129.910004
129.979996,132.149994,129.979996,130.529999
131.160004,132.990005,129.75,132.970001
132.119995,134.559998,130.979996,131.589996
131.399994,131.850006,129.320007,131.25
130.899994,131.410004,129.529999,131.289993
130.539993,130.539993,128.479996,128.990005
127.760002,129.990005,127.410004,129.660004
131.050003,133,131,133
133.570007,134.330002,132.220001,132.940002
133.309998,134.199997,132.399994,134.029999
130.300003,133,129.880005,131.740005
132.190002,136.080002,132.160004,135.910004
136.940002,139.350006,135.75,138.5
139.149994,142.669998,138.960007,142.25
143.619995,145.910004,140.770004,141.169998
143.419998,143.449997,135.110001,137.580002
138,139,133.839996,134.210007
134.300003,136.080002,132.869995,134.110001
134.600006,134.710007,129.820007,131.309998
132.410004,136.190002,132.399994,135.380005
136.070007,136.289993,133.199997,134.149994
132.5,132.610001,129.350006,131.380005
130.759995,132.460007,129.589996,130.229996
130.929993,131.449997,127.650002,128.360001
129.360001,130.080002,126.900002,126.910004
127.910004,128.789993,125.650002,128.479996
130.479996,133.199997,130.190002,132.789993
133.759995,135.990005,132.649994,133.75
134.800003,139.050003,134.350006,138.940002
139.199997,139.699997,137.539993,138.470001
139.75,141.979996,138.529999,139.309998
141.289993,142.580002,138.550003,139.410004
138.399994,138.399994,135.279999,136.490005
137.089996,137.279999,134.520004,134.520004
136.25,136.610001,133.139999,133.899994
133.429993,135.479996,131.809998,134.690002
134.600006,134.729996,131.649994,132.25
132.009995,132.320007,128.800003,130
130.559998,133.679993,129.029999,133.520004
132.619995,132.800003,129.210007,130.309998
128.990005,129.820007,126.550003,127.349998
127.900002,129.710007,125.75,129.110001
129.139999,130.380005,126.400002,127.349998
129.179993,129.649994,127.059998,127.139999
126.309998,128,124.330002,127.610001
127.129997,129.199997,125.080002,125.779999
127.260002,128.149994,125,126.620003
125.599998,127.669998,120.760002,121.43
122.099998,122.279999,118.120003,120.309998
120.559998,122.980003,119.059998,119.480003
121.029999,123.330002,118.800003,122.75
124.43,127.199997,122.800003,126.029999
129.770004,131.850006,124.139999,125.410004
123.18,124.860001,113.82,118.870003
118.790001,118.980003,114.400002,118.120003
117.120003,119.610001,116.559998,119.099998
118.639999,120.330002,115.739998,115.940002
115.879997,117.650002,114.099998,117.389999
119.379997,121,116.559998,116.830002
118.199997,119.089996,117,118.029999
118,118.610001,116,117.360001
117.209999,120.419998,116.5,120.089996
118.989998,119.940002,117.5,119.660004
120.059998,120.5,117.18,117.529999
117.07,117.129997,115.550003,116.309998
115.839996,118.510002,114.82,118.080002
117.910004,119.089996,117,117.519997
117.370003,118.970001,116.18,118.010002
118.010002,119.25,116.510002,117.239998
117.959999,119.800003,117.150002,119.720001
118.169998,118.339996,115.849998,118.199997
117.879997,119.43,117,118.400002
118.699997,124.660004,117.529999,124.540001
125.010002,127.349998,124.800003,125.529999
125.400002,126.940002,124.43,125.889999
125.980003,128.850006,125.57,128.529999
129.130005,129.449997,127.07,128.910004
128.300003,130.850006,127.709999,130.110001
129.589996,130.809998,127.970001,128.820007
129.110001,131.169998,128.479996,130.509995
130.449997,133.619995,130.360001,133.580002
134.199997,134.199997,131.179993,131.820007
131.699997,132,128.630005,131.130005
131.240005,132.289993,130.5,131.789993
132.410004,132.690002,131.220001,131.339996
131.020004,132.850006,130.440002,132.759995
133.710007,133.710007,129.660004,130.350006
130.199997,130.960007,128.639999,130.470001
130.889999,130.940002,128.070007,129.259995
128.639999,129.399994,127.199997,128.039993
129.139999,136.910004,128.039993,134.729996
134.899994,136.990005,133.759995,135.059998
135.369995,136.630005,134.330002,135.119995
135.740005,138.190002,135.360001,136.580002
136,136.800003,134.479996,135.770004
135.800003,136.509995,131.179993,131.809998
132.850006,133.740005,130.779999,131.490005
131.229996,136,131.179993,135.559998
135.960007,136.080002,133.860001,134.869995
134.710007,141.25,134.710007,140.960007
140.720001,141.330002,139.070007,140.059998
140,142.910004,139.679993,141.199997
141.229996,141.979996,139.119995,140.160004
140.339996,144.5,139.199997,144.279999
144.550003,147.089996,144,145.820007
144.880005,147.169998,141.449997,142.169998
142.350006,143.669998,139.130005,142.429993
143.830002,144.639999,142.100006,144.199997
145.169998,149,143.520004,146.429993
147.009995,151.089996,145.880005,150.089996
145.380005,149.089996,142.419998,143.630005
143.199997,147.729996,142.899994,147.110001
145.550003,146.440002,141.110001,142.020004
142.589996,142.75,138.690002,139.350006
140.089996,142.449997,139.789993,141.729996
141.399994,141.399994,136.910004,137.100006
137.199997,139.440002,136.110001,137.490005
135.619995,135.809998,128.380005,129.830002
128,131.610001,127.550003,130.929993
130,132.330002,120.599998,128.710007
127.970001,131.179993,123.760002,124.980003
129.729996,132.210007,129.259995,131.289993
129.949997,133.080002,128.470001,130.460007
131.410004,134.130005,129.679993,133.869995
133.929993,136.990005,131,131.470001
130.360001,131,126.760002,128.529999
128.240005,129.949997,125.800003,128.910004
130.139999,131.25,125.510002,126.279999
125.510002,127.93,123.800003,124.589996
122.639999,125,118.779999,119.709999
117.900002,124.970001,117.519997,122.720001
122.57,124.5,120.650002,122.120003
118.540001,125.190002,118.5,124.860001
125.050003,125.790001,122.300003,123.209999
124.980003,126.849998,120.599998,126.699997
126.07,127.599998,124.010002,125.459999
124.970001,126.57,123.019997,123.239998
124.019997,126.43,121.650002,126.309998
126.25,129.149994,124.849998,128.759995
126.330002,128.199997,122.18,122.769997
125.839996,126.610001,121.669998,122.010002
122,122,115.800003,118.839996
120.309998,121.470001,117.360001,117.910004
120,123.5,119.199997,123.209999
121.389999,123.529999,120.290001,123.029999
124.239998,125.699997,123.5,123.830002
123.199997,126.919998,122.5,126.839996
125.389999,127.980003,125.360001,126.900002
126.739998,127.800003,124.690002,125.889999
126.480003,127.480003,125.07,125.830002
126.790001,127.480003,121.410004,122.550003
122.650002,125.230003,121.550003,122.309998
122.110001,123.220001,120.040001,121.449997
120.610001,120.849998,116.800003,118.330002
118.139999,121.760002,117.629997,121
118.849998,120.040001,117.099998,117.800003
116.260002,116.480003,106.010002,108.610001
108.580002,112.68,108.110001,109.260002
108.900002,111.690002,106.699997,110.959999
110.919998,111.290001,108.559998,109.139999
110.650002,112.529999,109,110.059998
109.839996,113.629997,109.809998,113.43
115.019997,117.480003,114.07,116.220001
116.550003,117.400002,114.650002,117.260002
117.809998,119.699997,117.32,119.510002
120.690002,124.879997,120.300003,123.650002
123.029999,123.75,121.470001,123.300003
120.129997,122.480003,119.260002,122.059998
121.279999,121.919998,118.010002,118.489998
118.379997,120.739998,117,119.940002
120.610001,120.709999,117.510002,120.099998
120.620003,121.25,117.260002,117.43
118.709999,120.870003,118.019997,120.07
105.93,119.279999,105.800003,118.870003
118.260002,118.599998,114.879997,118.400002
118.43,118.5,115.07,117.129997
117,118.199997,116.400002,117.129997
117.989998,118.870003,115.519997,116.860001
115.529999,118.739998,114.510002,117.889999
119.150002,120.379997,117.57,120.07
120,122.870003,119.68,122.419998
123.059998,128.470001,123,127.580002
126.769997,128,125.82,127.830002
126.720001,128.399994,125.900002,128.320007
128.460007,129.929993,127.849998,128.830002
127.949997,130,127.379997,130
128.100006,128.119995,125.199997,125.889999
123.760002,127,123.550003,126.559998
126.059998,127.480003,124.260002,124.690002
123.610001,127.370003,123.040001,126.07
127.339996,129.979996,126.790001,128.860001
129.25,130.809998,128.259995,129.649994
129.220001,130.020004,126.82,127.57
127.199997,128.039993,126.019997,127.760002
127.860001,129.220001,126.5,126.599998
125.410004,125.440002,123.18,124.529999
123.849998,127.370003,123.830002,126.849998
127.150002,127.589996,124.82,124.860001
125.459999,126.639999,122.25,126.639999
126.029999,126.949997,123.690002,123.790001
122.849998,125.900002,122.5,124.830002
126.360001,132.600006,126.169998,132.490005
132.169998,135.210007,132.050003,135.210007
136.889999,139.5,136.630005,138.789993
137.559998,138.600006,136.889999,137.220001
137.929993,139.699997,136.449997,139.139999
140.389999,141.369995,139.259995,140.380005
140.75,142.600006,140.039993,142.440002
144.070007,145.740005,143.759995,145.070007
144.5,146.699997,143.830002,145.75
144.880005,145.619995,143.559998,145.449997
145.399994,148.229996,145.160004,148.130005
148.899994,148.979996,146.5,148.320007
148.699997,151.949997,147.350006,151.300003
150.759995,153.309998,149.600006,150.729996
149.839996,152.699997,149.100006,151.830002
151.199997,155.919998,150.970001,152.850006
155.429993,160.889999,155.419998,160.729996
160.220001,161.199997,157.880005,159.369995
159.839996,160.880005,154.889999,159.699997
159.029999,161.779999,157.75,158.990005
160.009995,160.929993,155.600006,157.059998
157.080002,157.440002,152.199997,153.710007
153.949997,155.960007,152.789993,155.389999
157.080002,161.210007,157.009995,160.869995
160.600006,160.679993,154.600006,155.399994
156.509995,157.399994,153.389999,156.270004
155.179993,156.279999,152.779999,155.550003
154.889999,156.630005,152.339996,153.029999
152.509995,156.949997,151.399994,156.479996
156.690002,156.789993,153.850006,155.169998
155.160004,156.949997,154.229996,155.529999
158.419998,164.880005,156.75,164.639999
165,165.190002,161.820007,163.559998
160.679993,162.800003,157,158.669998
158.779999,159.869995,156.570007,158.669998
162.669998,166.130005,161.289993,164.970001
162.449997,170.169998,162.270004,169.130005
171.570007,171.990005,168.320007,169
167.570007,171,167.5,169.949997
168.910004,169.75,166.539993,167.509995
168.309998,168.490005,165.050003,166.839996
165.800003,168.5,164.809998,165.229996
164.449997,164.580002,161.520004,162.580002
163.75,165.940002,163.360001,164.610001
165.399994,168.610001,162.289993,168.470001
169.860001,172.529999,168.399994,168.929993
169.350006,171.649994,168.589996,170.770004
170.839996,173.199997,168.779999,171.990005
172.669998,173.139999,169.059998,170.270004
170.589996,173.369995,169.410004,173.330002
171,172.050003,169.419998,170.369995
170.119995,171.259995,165.050003,165.679993
165.160004,165.350006,158.559998,158.899994
158.740005,160.910004,156.770004,157.779999
157.839996,160.850006,157.550003,158.350006
160.740005,165,160.740005,164.169998
163.949997,164.990005,162.839996,164.820007
165.100006,170.600006,165,170.389999
168.610001,168.809998,164.619995,168.199997
171.529999,177.889999,171.529999,177.25
177.360001,178.380005,176.160004,177.199997
179.990005,181.839996,177.570007,179.490005
176.949997,177.699997,174.899994,175.399994
179.160004,179.320007,176,176.550003
176.860001,177.449997,173.919998,176.529999
175.5,176.399994,174.050003,175.679993
175.520004,178.429993,174.600006,178.050003
180.5,181.470001,176.570007,176.770004
177.490005,178.160004,175.199997,176.289993
177.770004,178.110001,173.800003,174.850006
174.880005,175.949997,173.360001,175.619995
176.330002,177.940002,173.729996,174.25
174.279999,175.759995,173.089996,173.940002
173.720001,179,173.589996,175.570007
175.580002,178.300003,175.039993,178.039993
178.410004,178.75,177.020004,177.580002