1.5,1.5,1.4375,1.4375
1.375,1.4375,1.3125,1.3125
1.375,1.4375,1.3125,1.4375
1.375,1.375,1.0625,1.1875
1.1875,1.3125,1.125,1.1875
1.1875,1.4375,1.1875,1.4375
1.375,1.375,1.125,1.375
1.3125,1.4375,1.1875,1.4375
1.3125,1.625,1.3125,1.5625
1.4375,1.5625,1.3125,1.4375
1.4375,1.4375,1.4375,1.4375
1.3125,1.5625,1.3125,1.5
1.5,1.6875,1.5,1.6875
1.6875,2,1.6875,2
2.0625,2.25,2.0625,2.25
2.3125,2.5,2.3125,2.5
2.5625,2.5625,2.4375,2.5625
2.5,2.5,2.3125,2.375
2.4375,2.5,2.375,2.375
2.3125,2.375,2.3125,2.375
2.25,2.5,2.25,2.375
2.3125,2.375,2.3125,2.375
2.375,2.5,2.375,2.375
2.4375,2.5,2.375,2.4375
2.5,2.5,2.4375,2.5
2.5,2.625,2.4375,2.5
2.5,2.5,2.3125,2.375
2.37,2.37,2.25,2.25
2.25,2.29,2.22,2.25
2.2,2.25,2.15,2.15
2.15,2.18,2.14,2.14
2.19,2.22,2.14,2.22
2.15,2.2,2.1,2.2
2.3,2.3,2.25,2.25
2.27,2.35,2.26,2.3
2.35,2.35,2.32,2.32
2.49,2.56,2.45,2.56
2.6,2.75,2.55,2.64
2.65,2.65,2.45,2.46
2.5,2.5,2.45,2.5
2.5,2.63,2.5,2.55
2.55,2.55,2.47,2.55
2.55,2.6,2.5,2.5
2.47,2.6,2.47,2.5
2.5,2.6,2.45,2.5
2.45,2.6,2.45,2.6
2.6,2.68,2.6,2.6
2.6,2.65,2.55,2.59
2.59,2.7,2.59,2.6
2.7,2.75,2.62,2.62
2.67,2.67,2.52,2.58
2.66,2.66,2.51,2.52
2.6,2.6,2.27,2.52
2.5,2.65,2.5,2.65
2.65,3.25,2.65,3.25
3.25,3.5,3.25,3.27
3.37,3.54,3.25,3.25
3.25,3.45,3.2,3.3
3.38,3.38,3.25,3.32
3.3,3.4,3.03,3.03
3.03,3.25,2.97,3.23
3.3,3.32,3.25,3.28
3.3,3.3,3.24,3.24
3.19,3.19,3.09,3.1
3.1,3.2,3,3
3.01,3.09,2.97,3.09
3.05,3.05,2.96,2.96
3.03,3.03,2.96,2.97
2.91,2.91,2.83,2.91
2.86,2.95,2.86,2.88
2.96,3.14,2.95,3
3.05,3.09,2.9,3.05
3.08,3.08,2.95,3
2.97,3.05,2.91,3.03
3,3,2.93,2.98
2.92,3.01,2.92,3
3.06,3.24,2.92,3.07
3.02,3.02,3,3
3,3.02,3,3
3,3,3,3
3,3.12,3,3.12
3.12,3.12,2.95,2.95
3,3.03,2.95,3
2.95,3,2.85,2.95
3,3.15,2.99,3.01
3.05,3.12,2.94,2.94
2.94,2.99,2.94,2.98
3.03,3.05,2.96,2.99
3.03,3.09,2.99,3
3,3.07,3,3.01
3,3.1,2.96,3
3,3.3,3,3.3
3.3,3.48,3.3,3.38
3.3,3.55,3.3,3.46
3.49,3.6,3.49,3.6
3.55,3.6,3.38,3.5
3.45,3.7,3.4,3.7
3.7,3.8,3.65,3.71
3.7,4.48,3.7,4.32
4.34,4.55,4.32,4.51
4.51,4.69,4.5,4.63
5.05,5.6,4.95,5.04
5.06,5.39,4.75,5.1
5.15,5.35,5.15,5.28
5.24,5.74,5.24,5.7
5.78,5.94,5.7,5.92
5.94,6,5.55,5.55
5.51,5.51,5.12,5.25
5.3,5.43,5.25,5.34
5.34,5.4,5.1,5.25
5.25,5.25,5.14,5.23
5.3,5.35,5.15,5.25
5.3,5.75,5.29,5.49
5.54,5.89,5.54,5.65
5.7,6.11,5.7,6.03
6.09,6.09,5.5,5.82
5.75,5.85,5.7,5.75
5.72,5.75,5.4,5.5
5.5,5.5,4.85,5
4.99,5.06,4.76,4.82
4.91,5.45,4.91,5.35
5.4,5.5,5.1,5.35
5.27,5.3,5,5.3
5.35,5.6,5.3,5.5
5.57,5.6,5.35,5.42
5.4,5.44,5.35,5.35
5.3,5.38,5.3,5.3
5.3,5.47,5.3,5.42
5.47,5.5,5.4,5.47
5.5,5.5,5.42,5.42
5.4,5.58,5.4,5.55
5.52,5.59,5.52,5.58
5.53,5.58,5.45,5.5
5.55,5.69,5.5,5.69
5.71,5.82,5.5,5.77
5.79,5.79,5.78,5.78
5.78,5.78,5.6,5.6
5.6,5.69,5.55,5.6
5.55,5.79,5.5,5.79
5.72,5.79,5.6,5.79
5.77,5.9,5.75,5.9
5.9,5.99,5.65,5.75
5.8,5.8,5.65,5.65
5.58,5.69,5.56,5.6
5.5,5.51,5.4,5.45
5.45,5.45,5.01,5.15
5.1,5.38,5.1,5.38
5.3,5.37,5.21,5.3
5.35,5.5,5.35,5.45
5.48,5.75,5.45,5.65
5.62,5.68,5.5,5.65
5.6,5.86,5.6,5.82
5.9,5.95,5.8,5.82
6,6.95,6,6.95
7,7.45,6.95,7.18
7.21,7.63,7.2,7.45
7.45,7.73,7.33,7.69
7.7,8,7.2,7.91
8,8.25,7.8,8.22
8.25,8.25,7.86,8.24
8.15,8.2,7.85,8.01
7.9,8.23,7.6,8
8,8,7.8,7.89
7.95,8.24,7.88,8.1
8.23,8.34,7.8,8.2
8.2,8.5,8.02,8.5
8.48,8.74,8.41,8.5
8.47,8.47,7.85,8.07
7.75,7.85,7.45,7.69
7.69,7.9,7.55,7.55
7.51,7.7,7.51,7.6
7.6,8.24,7.6,8.14
8.13,8.13,7.65,7.9
8.05,8.05,7.91,7.96
7.96,8,7.65,7.88
7.78,7.8,7.58,7.72
7.57,7.67,7.36,7.53
7.9,7.9,7.6,7.85
7.8,7.95,7.55,7.87
7.75,7.8,7.62,7.62
7.5,7.53,7.05,7.18
7.01,7.17,6.75,6.76
6.75,6.76,5.95,6.2
6,6.24,5.9,6.15
6,6.18,6,6.1
6.05,6.1,5.8,5.8
5.7,5.7,5.25,5.26
5,5.2,4.9,5.11
5.65,6.05,5.55,5.82
5.92,6.19,5.75,5.75
5.88,5.9,5.5,5.73
5.63,5.75,5.54,5.7
5.6,6.6,5.6,6.6
6.5,6.5,6.15,6.49
6.4,6.49,6.4,6.48
6.4,6.9,6.35,6.74
6.78,6.78,6.4,6.4
6.5,6.6,6.35,6.48
6.38,6.38,5.95,5.95
6,6.2,6,6
6,6.19,6,6.17
6.16,6.54,6.16,6.5
6.3,6.3,5.93,6.1
6.05,6.2,5.83,6
6.16,6.25,6.05,6.19
6.16,6.4,6.12,6.2
6.14,6.35,6.1,6.2
6.3,6.42,6.16,6.33
6.23,6.25,6.15,6.17
6.2,6.2,6.12,6.19
6.15,6.2,5.97,5.98
5.88,6,5.82,5.95
5.91,6.05,5.9,6.04
6.04,6.04,5.85,5.85
5.86,6.03,5.8,5.87
5.8,6.15,5.72,5.99
6.04,6.4,5.86,6.35
6.35,6.5,5.9,6.5
6.48,6.5,6.31,6.4
6.35,6.49,6.35,6.47
6.37,6.5,6.25,6.35
6.3,6.3,5.5,5.64
5.54,5.61,5.46,5.61
5.61,5.77,5.55,5.7
5.65,6,5.65,5.82
5.75,5.89,5.5,5.71
5.72,5.76,5.5,5.6
5.6,5.6,5.4,5.46
5.37,5.37,5.08,5.12
5.1,5.2,5,5.01
5.05,5.12,5,5.05
5.06,5.09,5.01,5.04
5,5.2,5,5.15
5.13,5.13,4.85,5.06
4.99,5.13,4.99,5.11
5.07,5.09,4.65,4.78
4.78,5,4.66,4.78
4.88,4.88,4.25,4.5
4.55,5.05,4.55,5.05
5.05,5.23,4.91,5.05
5.05,5.21,5.05,5.14
5.11,5.2,5.1,5.11
5.13,5.13,5.1,5.1
5.1,5.21,5.1,5.18
5.18,5.2,5.1,5.1
5.05,5.05,4.96,5.03
5.1,5.1,4.9,4.91
4.91,4.91,4.75,4.78
4.68,4.95,4.68,4.77
4.77,4.9,4.74,4.85
4.75,4.8,4.68,4.75
4.85,5.05,4.85,5.02
5.02,5.05,5.01,5.01
5.02,5.07,4.95,4.96
4.96,5.1,4.95,5.04
5.03,5.13,5.03,5.05
5.06,5.27,5.06,5.27
5.2,5.52,5.2,5.24
5.34,5.54,5.27,5.48
5.41,5.49,5.4,5.49
5.41,5.43,5.35,5.41
5.4,5.45,5.35,5.45
5.53,5.53,5.24,5.24
5.25,5.35,5.05,5.3
5.35,5.4,5.2,5.3
5.28,5.3,5.23,5.23
5.13,5.28,5.1,5.28
5.2,5.2,4.9,5.01
5,5.25,5,5.09
5.1,5.1,5.05,5.05
5.05,5.15,5,5.05
5.05,5.09,5,5.09
5.05,5.14,5.05,5.14
5.1,5.15,5.05,5.06
5.18,5.18,4.9,4.9
5,5,4.9,4.9
5.07,5.07,4.7,4.8
4.95,5,4.9,4.95
5.05,5.19,4.99,5.19
5.25,5.48,5.25,5.4
5.48,5.49,5.4,5.42
5.32,5.4,4.75,4.9
4.9,5.03,4.86,5.03
4.95,5.1,4.87,4.95
4.89,4.89,4.75,4.77
4.85,4.85,4.83,4.84
4.94,5,4.9,4.95
4.95,4.99,4.94,4.99
4.93,4.98,4.64,4.98
4.88,5.05,4.75,4.8
4.81,5.09,4.7,5.08
5.5,5.5,5.01,5.35
5.32,5.32,4.96,5.2
5.25,5.25,5.07,5.25
5.2,5.2,5.05,5.11
5.11,5.11,4.97,4.97
5,5,4.81,4.85
4.87,4.87,4.65,4.79
4.71,4.81,4.7,4.74
4.7,4.84,4.7,4.83
4.85,5.08,4.8,5.01
5.06,5.09,4.95,5.04
5,5.16,5,5.13
5.13,5.15,5.08,5.14
5.2,5.2,5.06,5.11
5.11,5.11,5.11,5.11
5.05,5.08,5.05,5.05
5.03,5.07,4.97,5.07
5,5.14,5,5.05
5,5.05,4.97,5.01
5.09,5.09,4.9,5
5,5.05,5,5.05
5,5.04,4.98,4.99
4.9,5,4.85,4.95
4.95,5.01,4.95,5.01
4.95,5.04,4.95,5.04
5,5.05,4.9,5.05
5,5.1,4.76,5.1
5,5.02,4.96,4.96
4.99,4.99,4.85,4.87
4.97,4.99,4.67,4.9
4.85,4.85,4.65,4.74
4.8,4.85,4.75,4.82
4.82,4.82,4.56,4.6
4.51,4.6,4.5,4.56
4.6,4.68,4.45,4.58
4.55,4.56,4.55,4.56
4.47,4.82,4.45,4.71
4.78,4.82,4.78,4.79
4.84,4.95,4.83,4.93
4.93,4.93,4.87,4.91
4.95,4.96,4.85,4.85
4.85,4.9,4.75,4.8
4.9,4.9,4.7,4.7
4.85,4.85,4.7,4.75
4.65,4.75,4.48,4.53
4.63,4.65,4.63,4.65
4.65,4.66,4.53,4.54
4.44,4.47,4.44,4.46
4.36,4.55,4.05,4.5
4.5,4.6,4.45,4.45
4.46,4.85,4.45,4.85
4.75,4.75,4.35,4.5
4.51,4.55,4.45,4.5
4.6,4.6,3.85,4.09
4.1,4.65,4.1,4.3
4.25,4.31,4.21,4.27
4.17,4.35,4.15,4.2
4.27,4.33,4.25,4.25
4.3,4.4,4.21,4.21
4.22,4.35,4.22,4.3
4.2,4.6,4.2,4.5
4.5,4.5,4.29,4.29
4.4,4.51,4.4,4.5
4.4,4.43,4.4,4.43
4.3,4.52,4.3,4.52
4.42,4.55,4.35,4.39
4.39,4.39,4.39,4.39
4.3,4.4,3.96,4.01
4.05,4.24,4.05,4.22
4.2,4.35,4.2,4.33
4.3,4.33,3.9,4.23
4.33,4.39,4.3,4.3
4.31,4.31,4.2,4.22
4.2,4.2,4.2,4.2
4.16,4.21,4.11,4.21
4.18,4.35,4.18,4.35
4.25,4.25,4.02,4.11
4.12,4.15,4.11,4.12
4.1,4.13,4.07,4.08
4.08,4.1,4.08,4.1
4.11,4.3,4.07,4.28
4.26,4.3,4.26,4.3
4.35,4.35,4.12,4.26
4.25,4.26,4.22,4.24
4.24,4.44,4.24,4.44
4.36,4.36,4.15,4.24
4.19,4.19,4.04,4.15
4.07,4.16,4.07,4.15
4.19,4.45,4.16,4.37
4.33,4.33,4.16,4.3
4.35,4.35,4.2,4.25
4.5,4.5,4.3,4.3
4.38,4.38,4.21,4.29
4.16,4.16,4.16,4.16
4.19,4.21,4.17,4.2
4.16,4.3,4.16,4.3
4.3,4.3,4.19,4.25
4.24,4.27,4.18,4.27
4.29,4.3,4.25,4.28
4.3,4.3,4.25,4.25
4.15,4.16,4,4
4,4,3.65,3.85
3.84,3.85,3.66,3.7
3.74,3.9,3.65,3.66
3.66,3.66,3.42,3.45
3.48,3.48,3.25,3.3
3.29,3.3,2.9,3
3,3.05,2.97,3.05
3.05,3.11,3.05,3.11
3.15,3.15,3.09,3.1
3.11,3.14,3.06,3.09
3.09,3.15,3.08,3.1
3.12,3.18,3.06,3.18
3.2,3.3,3.16,3.16
3.25,3.28,3.05,3.05
3.08,3.08,3.02,3.03
3.08,3.3,3.08,3.1
3.1,3.1,3.08,3.1
3.15,3.15,3.06,3.07
3.07,3.1,3,3.07
3.07,3.08,3.02,3.07
3.07,3.07,3.01,3.06
3.08,3.17,3.07,3.1
3.15,3.19,3.1,3.18
3.15,3.5,3.15,3.35
3.4,3.52,3.05,3.1
3.15,3.18,3,3.13
3.03,3.16,3.03,3.15
3.15,3.22,3.12,3.22
3.25,3.35,3.17,3.25
3.2,3.34,3.05,3.22
3.28,3.28,3.15,3.16
3.16,3.25,3.07,3.1
3.07,3.1,3.07,3.1
3.05,3.24,2.98,3.1
3.04,3.23,3,3.23
3.13,3.13,3,3
3.1,3.1,3.03,3.07
3.15,3.15,3.05,3.1
3.1,3.1,3,3.05
3.13,3.15,3.04,3.15
3.01,3.14,3.01,3.1
3.07,3.1,3.07,3.07
3.13,3.13,3.01,3.02
3.01,3.05,3.01,3.02
3.08,3.1,3.04,3.09
3.04,3.04,3.02,3.02
3.02,3.04,2.97,3.02
3.02,3.14,2.96,3.09
3,3.09,2.97,3.09
3.03,3.03,2.91,2.93
2.95,3.04,2.95,2.98
3,3.05,3,3.04
3,3.04,2.98,3.04
3.08,3.08,3.01,3.03
3.01,3.14,3.01,3.05
3.08,3.13,3.05,3.05
3.02,3.05,3.02,3.04
3.08,3.09,3.06,3.07
3.12,3.15,3.06,3.09
3.09,3.11,3.06,3.1
3.08,3.09,3.07,3.09
3.1,3.19,3.1,3.19
3.22,3.22,3.11,3.15
3.24,3.24,3.15,3.16
3.19,3.2,3.13,3.2
3.2,3.27,3.15,3.27
3.2,3.25,3.13,3.2
3.16,3.24,3.16,3.16
3.18,3.24,3.13,3.18
3.18,3.18,3.15,3.15
3.1,3.13,3.1,3.13
3.12,3.24,3.12,3.24
3.23,3.23,3.2,3.21
3.2,3.2,3.19,3.2
3.2,3.26,3.18,3.24
3.32,3.4,3.27,3.35
3.27,3.3,3.25,3.3
3.39,3.39,3.31,3.36
3.25,3.35,3.25,3.3
3.35,3.41,3.33,3.4
3.4,3.41,3.32,3.41
3.41,3.43,3.32,3.41
3.4,3.64,3.4,3.6
3.65,3.89,3.6,3.75
3.75,3.89,3.75,3.87
3.87,3.88,3.75,3.87
3.85,3.88,3.7,3.8
3.8,3.81,3.75,3.77
3.81,3.97,3.81,3.9
3.95,3.98,3.87,3.98
3.98,3.98,3.8,3.9
3.94,4,3.9,3.96
3.98,4.07,3.9,4
4,4.15,4,4.15
4.35,4.64,4.25,4.39
4.39,4.5,4.35,4.45
4.53,4.6,4.4,4.45
4.5,4.6,4.45,4.5
4.58,4.65,4.3,4.35
4.3,4.5,4,4.08
4.1,4.12,4,4.03
4.01,4.15,4.01,4.04
4.04,4.08,3.77,3.95
3.88,4.04,3.86,3.9
4,4.06,3.93,4.02
4,4.09,4,4.03
4.07,4.07,3.98,4.01
4.04,4.05,3.98,4
3.97,4.03,3.86,4
3.97,3.98,3.85,3.91
3.86,4,3.86,4
4,4.01,3.98,4
4.1,4.14,4,4.1
4.1,4.11,4.02,4.09
4,4.05,4,4.02
4.1,4.1,4,4.02
4.04,4.04,3.95,3.98
4.02,4.08,3.97,4.07
4.09,4.13,3.95,4.02
4.05,4.12,4,4
4,4,3.95,4
4,4,3.93,3.95
3.98,4,3.95,3.97
4,4,3.95,3.98
4.02,4.04,3.98,4
4.05,4.09,4.01,4.04
4.08,4.18,4.05,4.05
4.1,4.35,4.1,4.27
4.3,4.33,4.2,4.3
4.35,4.49,4.3,4.45
4.5,4.58,4.3,4.38
4.45,4.53,4.4,4.48
4.46,4.48,4.21,4.25
4.2,4.2,4,4.05
4.05,4.3,4.04,4.16
4.17,4.25,4.15,4.15
4.16,4.34,4.16,4.28
4.31,4.33,4.07,4.25
4.17,4.24,4.1,4.16
4.13,4.18,4.1,4.18
4.22,4.24,4.18,4.23
4.2,4.21,4.16,4.21
4.23,4.23,4.07,4.14
4.15,4.19,4.1,4.1
4.1,4.2,4.08,4.08
4.18,4.18,4.07,4.1
4.15,4.2,4.07,4.13
4.15,4.15,3.96,4.09
4.14,4.19,4.11,4.11
4.16,4.19,4.11,4.12
4.17,4.19,4.09,4.13
4.18,4.18,4.03,4.11
4.11,4.11,3.97,4.01
4,4,3.76,3.8
3.77,3.8,3.71,3.76
3.72,3.86,3.7,3.81
3.83,4.05,3.83,3.94
3.9,3.9,3.84,3.84
3.85,3.85,3.76,3.83
3.85,3.86,3.7,3.72
3.67,3.68,3.5,3.54
3.4,3.47,3.4,3.42
3.43,3.6,3.43,3.47
3.42,3.56,3.42,3.53
3.52,3.52,3.43,3.45
3.5,3.57,3.5,3.55
3.55,3.58,3.5,3.51
3.55,3.55,3.42,3.52
3.48,3.63,3.45,3.54
3.5,3.54,3.46,3.5
3.45,3.5,3.42,3.42
3.46,3.5,3.31,3.31
3.3,3.35,3.2,3.25
3.28,3.36,3.25,3.32
3.34,3.39,3.32,3.39
3.36,3.45,3.35,3.39
3.4,3.5,3.37,3.49
3.5,3.65,3.46,3.55
3.51,3.58,3.47,3.52
3.55,3.63,3.5,3.55
3.51,3.54,3.5,3.51
3.5,3.5,3.41,3.43
3.48,3.5,3.4,3.5
3.51,3.55,3.35,3.44
3.3,3.4,3.2,3.35
3.35,3.37,3.3,3.33
3.3,3.37,3.3,3.36
3.37,3.44,3.34,3.35
3.35,3.36,3.25,3.35
3.4,3.4,3.3,3.38
3.38,3.38,3.35,3.36
3.33,3.36,3.3,3.36
3.37,3.6,3.37,3.57
3.67,3.71,3.56,3.6
3.61,3.61,3.5,3.59
3.42,3.57,3.42,3.57
3.6,3.7,3.57,3.62
3.58,3.66,3.55,3.58
3.62,3.7,3.62,3.7
3.72,3.72,3.6,3.65
3.66,3.68,3.58,3.66
3.66,3.73,3.66,3.72
3.6,3.72,3.6,3.64
3.74,3.85,3.7,3.85
3.91,4.1,3.91,3.99
4.05,4.1,3.97,4.1
4.1,4.1,3.6,3.67
3.67,3.75,3.59,3.6
3.6,3.63,3.41,3.5
3.6,3.7,3.55,3.59
3.65,3.71,3.61,3.7
3.7,3.7,3.64,3.65
3.68,3.7,3.64,3.65
3.69,3.7,3.5,3.54
3.64,3.71,3.54,3.68
3.67,3.7,3.59,3.6
3.55,3.65,3.55,3.65
3.56,3.65,3.55,3.55
3.55,3.58,3.54,3.54
3.5,3.58,3.46,3.57
3.56,3.6,3.51,3.53
3.52,3.56,3.52,3.54
3.52,3.58,3.51,3.55
3.55,3.55,3.52,3.52
3.52,3.52,3.45,3.47
3.45,3.55,3.43,3.5
3.43,3.53,3.42,3.49
3.45,3.53,3.4,3.45
3.45,3.5,3.42,3.47
3.42,3.5,3.4,3.48
3.43,3.55,3.41,3.55
3.57,3.57,3.48,3.51
3.48,3.55,3.45,3.47
3.46,3.57,3.41,3.52
3.55,3.61,3.52,3.59
3.55,3.59,3.52,3.52
3.55,3.59,3.52,3.56
3.6,3.6,3.55,3.56
3.53,3.6,3.53,3.6
3.6,3.6,3.55,3.55
3.54,3.6,3.5,3.54
3.52,3.64,3.5,3.64
3.6,3.61,3.55,3.6
3.55,3.55,3.42,3.46
3.51,3.55,3.47,3.51
3.49,3.56,3.49,3.53
3.5,3.55,3.5,3.52
3.52,3.55,3.5,3.53
3.58,3.58,3.5,3.52
3.52,3.54,3.47,3.5
3.47,3.49,3.46,3.49
3.46,3.47,3.46,3.46
3.46,3.49,3.45,3.45
3.45,3.49,3.45,3.48
3.45,3.48,3.45,3.45
3.45,3.53,3.45,3.47
3.45,3.53,3.42,3.49
3.45,3.49,3.4,3.45
3.43,3.43,3,3.2
3.25,3.34,3.2,3.28
3.25,3.28,3.23,3.27
3.28,3.31,3.25,3.25
3.2,3.26,3.13,3.13
3.13,3.22,3.05,3.07
3.07,3.1,2.99,3.09
3.18,3.35,3.18,3.35
3.38,3.4,3.29,3.33
3.28,3.28,3.2,3.28
3.27,3.35,3.23,3.3
3.23,3.26,3.23,3.24
3.26,3.26,3.15,3.15
3.15,3.18,3.1,3.1
3.16,3.25,3.13,3.13
3.08,3.15,3.08,3.15
3.15,3.15,3.08,3.14
3.14,3.19,3.1,3.13
3.13,3.15,3.06,3.09
3.09,3.15,3.01,3.02
3.03,3.13,3,3.13
3.13,3.17,3.1,3.17
3.17,3.17,3.1,3.12
3.12,3.2,3.12,3.19
3.19,3.21,3.13,3.18
3.18,3.2,3.13,3.19
3.19,3.2,3.16,3.18
3.28,3.38,3.25,3.33
3.33,3.39,3.28,3.38
3.38,3.39,3.28,3.33
3.39,3.45,3.35,3.45
3.45,3.48,3.4,3.47
3.46,3.5,3.45,3.49
3.48,3.49,3.45,3.47
3.45,3.48,3.41,3.48
3.49,3.5,3.45,3.49
3.49,3.53,3.42,3.5
3.49,3.5,3.41,3.49
3.45,3.49,3.45,3.47
3.46,3.5,3.45,3.5
3.52,3.52,3.4,3.44
3.5,3.5,3.4,3.44
3.41,3.5,3.4,3.45
3.45,3.45,3.35,3.4
3.38,3.4,3.32,3.35
3.36,3.42,3.36,3.42
3.39,3.39,3.34,3.38
3.48,3.48,3.4,3.46
3.4,3.4,3.35,3.39
3.39,3.46,3.35,3.39
3.41,3.41,3.35,3.35
3.35,3.44,3.35,3.35
3.34,3.45,3.34,3.39
3.39,3.46,3.36,3.39
3.4,3.41,3.37,3.37
3.45,3.46,3.35,3.44
3.46,3.46,3.4,3.43
3.42,3.46,3.4,3.46
3.42,3.45,3.41,3.44
3.45,3.45,3.41,3.42
3.45,3.48,3.42,3.45
3.43,3.46,3.41,3.45
3.45,3.45,3.4,3.4
3.42,3.44,3.4,3.44
3.4,3.45,3.4,3.45
3.45,3.5,3.44,3.49
3.49,3.49,3.45,3.46
3.5,3.5,3.33,3.38
3.33,3.42,3.33,3.42
3.4,3.41,3.25,3.27
3.27,3.45,3.27,3.35
3.33,3.41,3.33,3.38
3.35,3.38,3.32,3.37
3.37,3.4,3.3,3.33
3.33,3.36,3.31,3.33
3.3,3.35,3.3,3.32
3.3,3.34,3.25,3.32
3.3,3.35,3.3,3.31
3.33,3.33,3.3,3.3
3.28,3.32,3.28,3.31
3.31,3.35,3.27,3.34
3.33,3.33,3.25,3.26
3.25,3.3,3.25,3.3
3.3,3.4,3.26,3.28
3.25,3.27,3.23,3.27
3.27,3.3,3.13,3.3
3.27,3.28,3.21,3.21
3.22,3.25,3.18,3.2
3.21,3.29,3.17,3.29
3.26,3.29,3.19,3.21
3.21,3.22,3.11,3.11
3.13,3.22,3.13,3.2
3.24,3.33,3.22,3.29
3.39,3.45,3.3,3.3
3.3,3.35,3.15,3.23
3.22,3.22,3.05,3.13
3.15,3.15,3.13,3.15
3.2,3.21,3.13,3.15
3.15,3.18,3.14,3.15
3.18,3.24,3.16,3.22
3.18,3.22,3.18,3.22
3.36,3.44,3.3,3.4
3.45,3.45,3.33,3.35
3.38,3.44,3.32,3.44
3.4,3.43,3.35,3.4
3.4,3.45,3.3,3.35
3.4,3.4,3.26,3.4
3.35,3.5,3.35,3.45
3.55,3.6,3.52,3.57
3.52,3.65,3.52,3.65
3.62,3.75,3.61,3.7
3.72,3.82,3.72,3.81
3.81,4,3.79,3.97
3.95,4.15,3.93,4.09
4.1,4.15,4,4.05
4.06,4.15,4.01,4.15
4.14,4.4,4.11,4.39
4.33,4.43,4.28,4.43
4.43,4.45,4.33,4.44
4.5,4.6,4.37,4.6
4.62,4.62,4.43,4.5
4.5,4.5,4.41,4.44
4.44,4.58,4.34,4.52
4.54,4.79,4.5,4.71
4.75,4.95,4.75,4.89
4.9,4.97,4.86,4.94
4.97,5.15,4.95,5.09
5.14,5.25,5.04,5.1
5.11,5.18,5,5.07
5.05,5.1,4.53,4.66
4.66,4.7,4.61,4.7
4.73,4.9,4.73,4.8
4.85,4.86,4.74,4.78
4.8,4.8,4.61,4.75
4.85,4.91,4.75,4.85
4.94,5,4.86,4.91
4.95,4.95,4.85,4.92
4.9,4.91,4.84,4.89
4.75,4.95,4.75,4.95
4.97,4.97,4.75,4.85
4.85,4.85,4.61,4.83
4.73,4.85,4.64,4.81
4.85,4.92,4.83,4.84
4.74,4.74,4.15,4.45
4.5,4.5,4.26,4.3
4.34,4.45,4.34,4.4
4.45,4.63,4.37,4.53
4.63,4.9,4.6,4.8
4.8,4.83,4.76,4.82
4.83,5,4.78,4.95
4.86,4.94,4.85,4.9
4.85,4.85,4.75,4.83
4.83,4.83,4.74,4.75
4.78,4.85,4.75,4.8
4.78,4.79,4.75,4.79
4.85,4.85,4.76,4.8
4.8,4.81,4.69,4.7
4.75,4.8,4.7,4.74
4.54,4.6,4.48,4.58
4.6,4.63,4.6,4.61
4.66,4.78,4.62,4.7
4.71,4.74,4.68,4.74
4.74,4.9,4.74,4.89
4.85,4.91,4.85,4.85
4.85,4.95,4.84,4.85
4.8,4.81,4.75,4.76
4.7,4.85,4.7,4.8
4.8,4.84,4.8,4.81
4.8,4.85,4.77,4.84
4.85,5.08,4.84,4.97
4.98,5.12,4.98,5
5,5,4.91,4.95
4.98,5,4.9,4.97
4.9,5,4.82,4.93
4.98,5.15,4.85,5.14
5.04,5.04,4.98,5.02
4.92,5,4.92,4.99
4.99,5.05,4.95,4.99
4.99,5.15,4.9,5.15
5.15,5.16,5.05,5.16
5.06,5.16,5.02,5.1
5.05,5.08,4.95,4.95
4.95,5.1,4.94,4.99
5.05,5.14,5,5.14
5.15,5.5,5.15,5.35
5.45,5.5,5.28,5.28
5.3,5.37,5.2,5.26
5.2,5.28,4.75,5.14
5.05,5.19,5,5.16
5.25,5.25,5.1,5.15
5.15,5.2,5.07,5.1
5.15,5.22,5.1,5.12
5.15,5.15,5,5.07
5.05,5.07,4.95,4.95
4.95,5.05,4.9,5.01
4.92,5,4.9,5
4.95,5.17,4.92,5.13
5.07,5.15,4.99,4.99
4.95,5.01,4.95,5
5,5,4.89,4.95
5,5.01,4.9,5
4.95,5,4.9,4.91
4.85,5.03,4.85,4.96
5,5.08,4.9,4.99
4.8,4.85,4.76,4.85
4.85,4.95,4.83,4.95
4.95,5.05,4.94,5.05
5,5.1,5,5.09
5.02,5.04,4.96,5
5.05,5.15,5,5.05
5,5.09,5,5.08
5.09,5.1,5.04,5.08
4.9,5.1,4.9,5.09
5.09,5.16,5.05,5.15
5.18,5.2,5.11,5.14
5.14,5.19,5.01,5.1
5.1,5.14,5.04,5.07
5.07,5.12,5.07,5.12
5.19,5.25,5.09,5.15
5.15,5.15,5,5.11
5.07,5.15,5.07,5.08
5.05,5.15,5.05,5.15
5.02,5.09,5.02,5.05
5.06,5.06,5,5.06
5.05,5.2,5.03,5.19
5.15,5.15,5,5.04
5,5.1,4.99,5
4.99,5.05,4.95,5
4.98,5.05,4.97,5.05
5,5.05,4.98,4.98
4.98,5.04,4.98,5
4.98,5.08,4.98,5.02
5.05,5.05,5,5.04
5.04,5.04,4.97,5.03
5.05,5.13,5.04,5.04
5.04,5.25,5.01,5.05
5,5.08,5,5.08
5.15,5.2,5.07,5.08
5.05,5.14,5.05,5.14
5.08,5.15,5.08,5.14
5.07,5.13,5.05,5.09
5.05,5.15,5.04,5.09
5.08,5.13,5.06,5.1
5.08,5.13,5.03,5.09
5.05,5.05,5,5.02
5,5.03,4.96,4.96
5,5.02,4.93,4.99
4.98,5,4.96,4.98
4.96,4.99,4.96,4.98
4.95,5,4.95,5
4.95,5,4.65,4.86
4.9,4.9,4.71,4.74
4.75,4.75,4.59,4.65
4.69,4.69,4.63,4.63
4.6,4.65,4.55,4.65
4.65,4.67,4.64,4.67
4.67,4.83,4.4,4.57
4.5,4.58,4.45,4.46
4.47,4.58,4.45,4.49
4.5,4.55,4.41,4.55
4.5,4.7,4.4,4.6
4.65,4.98,4.65,4.84
4.83,4.85,4.62,4.73
4.65,4.69,4.57,4.69
4.65,4.77,4.65,4.66
4.7,4.94,4.69,4.79
4.6,4.9,4.55,4.65
4.6,4.7,4.5,4.66
4.56,4.85,4.56,4.85
4.81,4.81,4.46,4.72
4.67,4.81,4.31,4.62
4.6,4.77,4.32,4.59
4.69,4.69,4.5,4.5
4.52,4.52,4.41,4.45
4.46,4.49,4.45,4.49
4.45,4.55,4.41,4.5
4.5,4.59,4.42,4.59
4.59,4.59,4.5,4.55
4.6,4.75,4.6,4.75
4.7,4.71,4.7,4.71
4.62,4.77,4.6,4.67
4.77,4.78,4.63,4.7
4.78,4.78,4.6,4.69
4.75,4.77,4.55,4.69
4.63,4.66,4.6,4.62
4.66,4.66,4.6,4.63
4.61,4.68,4.61,4.63
4.63,4.75,4.6,4.75
4.68,4.68,4.59,4.63
4.61,4.65,4.52,4.56
4.78,4.79,4.65,4.65
4.73,4.76,4.65,4.66
4.7,4.7,4.6,4.62
4.63,4.63,4.58,4.63
4.6,4.6,4.55,4.57
4.52,4.55,4.31,4.55
4.62,4.71,4.57,4.71
4.71,4.71,4.63,4.63
4.71,4.78,4.65,4.73
4.77,4.77,4.7,4.77
4.77,4.77,4.6,4.7
4.66,4.7,4.63,4.63
4.6,4.68,4.58,4.66
4.61,4.7,4.57,4.63
4.68,4.69,4.58,4.58
4.68,4.68,4.57,4.6
4.68,4.68,4.42,4.59
4.57,4.59,4.55,4.58
4.59,4.59,4.58,4.58
4.54,4.58,4.41,4.58
4.59,4.59,4.4,4.59
4.59,4.59,4.5,4.55
4.49,4.6,4.3,4.5
4.4,4.59,4.4,4.58
4.5,4.6,4.5,4.52
4.45,4.61,4.42,4.53
4.5,4.6,4.5,4.57
4.6,4.65,4.6,4.65
4.61,4.68,4.61,4.68
4.61,4.74,4.61,4.71
4.74,4.77,4.7,4.77
4.78,4.9,4.75,4.84
4.74,4.85,4.74,4.76
4.79,4.8,4.76,4.8
4.72,4.8,4.72,4.8
4.8,4.8,4.75,4.76
4.75,4.75,4.72,4.73
4.68,4.8,4.68,4.76
4.8,4.84,4.75,4.84
4.84,4.84,4.75,4.76
4.76,4.84,4.75,4.78
4.76,4.88,4.76,4.84
4.94,4.99,4.88,4.96
5,5,4.89,4.9
4.9,4.99,4.89,4.96
4.99,5,4.92,4.95
4.98,5.07,4.95,5.01
5,5.05,5,5.03
5.05,5.05,5.04,5.05
5.04,5.1,5.01,5.02
5.01,5.04,5,5.03
5.04,5.05,5,5.04
5.05,5.05,5,5.02
5.01,5.04,5,5.04
5.04,5.04,4.98,5.01
5,5.08,5,5.03
5,5,4.9,4.99
4.92,5,4.9,5
5,5,4.91,4.95
5,5,4.92,4.95
4.95,4.99,4.91,4.92
4.98,4.99,4.92,4.92
4.97,4.97,4.8,4.9
4.9,4.9,4.81,4.83
4.93,4.95,4.84,4.86
4.83,4.91,4.82,4.91
4.86,4.9,4.82,4.87
4.83,4.89,4.76,4.87
4.85,4.95,4.85,4.94
4.95,4.95,4.77,4.84
4.88,4.94,4.82,4.87
4.91,4.96,4.91,4.93
4.93,4.98,4.91,4.94
4.98,5.05,4.95,4.98
4.9,4.96,4.85,4.96
4.89,4.94,4.8,4.93
4.9,4.95,4.85,4.9
4.89,4.9,4.88,4.89
4.9,4.91,4.85,4.85
4.85,4.89,4.77,4.82
4.82,4.9,4.82,4.88
4.99,4.99,4.9,4.9
4.94,4.95,4.89,4.89
4.95,5.03,4.93,5
5.05,5.1,5,5.01
5,5,4.86,5
5,5.05,4.9,4.96
4.96,4.96,4.8,4.85
4.85,4.99,4.81,4.94
4.95,4.99,4.91,4.98
4.99,4.99,4.9,4.95
4.9,4.95,4.8,4.95
4.98,4.99,4.94,4.97
4.99,4.99,4.91,4.97
4.95,4.98,4.9,4.98
4.99,5,4.95,4.99
5,5.05,4.92,4.99
5,5.05,4.98,5.02
5.02,5.08,5,5.04
5.04,5.08,4.96,4.97
4.99,5.05,4.96,5.05
5.08,5.08,5.04,5.07
5.09,5.09,5.01,5.05
5.01,5.1,5.01,5.09
5.05,5.14,5.05,5.12
5.07,5.3,5.07,5.28
5.2,5.35,5.17,5.34
5.35,5.39,5.3,5.39
5.4,5.6,5.35,5.53
5.55,5.61,5.53,5.61
5.56,5.56,4.95,5.23
5.13,5.13,4.86,5
5,5.07,5,5.05
5.02,5.07,5.01,5.06
5.06,5.08,5.05,5.08
5.1,5.22,5.07,5.13
5.13,5.15,5,5.1
5.1,5.19,5.05,5.1
5.11,5.16,5.1,5.12
5.16,5.16,5.1,5.12
5.08,5.19,5.03,5.12
5.19,5.19,5.11,5.14
5.18,5.24,5.1,5.18
5.15,5.16,5.06,5.15
5.1,5.22,5.1,5.2
5.2,5.33,5.2,5.31
5.4,5.45,5.25,5.35
5.4,5.48,5.35,5.4
5.42,5.48,5.4,5.45
5.46,5.61,5.46,5.6
5.65,5.71,5.43,5.55
5.5,5.55,5.5,5.5
5.5,5.55,5.46,5.51
5.58,5.6,5.53,5.57
5.56,5.57,5.5,5.52
5.5,5.58,5.5,5.57
5.5,5.54,5.5,5.54
5.51,5.59,5.51,5.55
5.57,5.57,5.5,5.52
5.57,5.59,5.55,5.56
5.5,5.55,5.5,5.55
5.55,5.55,5.46,5.54
5.54,5.54,5.45,5.45
5.48,5.53,5.48,5.51
5.51,5.55,5.5,5.5
5.57,5.85,5.52,5.85
6,6.2,6,6.2
6.18,6.18,5.98,6.1
6.04,6.1,5.98,6.1
6.1,6.1,5.99,6.01
6.09,6.1,6,6.05
6.05,6.07,6,6.04
6.01,6.04,6,6
6.03,6.03,6,6.02
6.03,6.04,5.74,6
6.04,6.1,5.95,6.1
6,6.27,6,6.19
6.13,6.3,6.12,6.14
6.12,6.12,6,6
6,6.05,5.95,6
6,6.07,6,6
6.05,6.11,6,6.02
6,6.05,5.8,5.87
5.87,5.92,5.55,5.55
5.7,5.7,5.5,5.55
5.5,5.5,5.2,5.44
5.42,5.98,5.42,5.75
5.75,5.81,5.65,5.7
5.7,5.74,5.61,5.66
5.65,5.65,5.5,5.54
5.62,5.7,5.6,5.66
5.67,5.72,5.57,5.63
5.62,5.62,5.56,5.58
5.57,5.75,5.56,5.67
5.69,5.74,5.66,5.68
5.72,5.9,5.72,5.88
5.8,5.9,5.76,5.83
5.83,5.84,5.68,5.8
5.85,6,5.8,5.9
5.85,5.9,5.8,5.83
5.9,5.95,5.88,5.95
5.98,6,5.9,6
6,6,5.92,5.98
5.95,5.97,5.9,5.9
5.9,6.02,5.9,6.01
6.01,6.02,5.9,5.99
6,6.01,5.9,5.97
5.95,6,5.92,5.97
6.01,6.02,5.92,6.02
5.95,5.95,5.9,5.91
5.9,5.95,5.8,5.88
5.85,5.87,5.83,5.84
5.88,5.93,5.87,5.9
5.9,5.97,5.87,5.92
5.9,6,5.9,6
5.96,6.02,5.92,6
5.93,6,5.93,6
6,6.09,5.98,6.05
6.03,6.08,6,6.03
6.1,6.38,6.06,6.34
6.35,6.36,6.22,6.22
6.2,6.28,6.1,6.28
6.35,6.49,6.35,6.48
6.4,6.44,6.25,6.38
6.33,6.35,6.26,6.26
6.26,6.5,6.26,6.4
6.36,6.47,6.25,6.38
6.35,6.4,6.31,6.38
6.38,6.4,6.26,6.35
6.25,6.35,6.23,6.35
6.3,6.34,6.23,6.34
6.34,6.34,6.22,6.34
6.3,6.34,6.3,6.34
6.3,6.36,6.25,6.3
6.29,6.35,6.29,6.34
6.35,6.38,6.31,6.38
6.38,6.38,6.3,6.35
6.3,6.37,6.3,6.32
6.3,6.38,6.25,6.38
6.38,6.4,6.34,6.37
6.33,6.4,6.33,6.39
6.35,6.4,6.31,6.37
6.4,6.56,6.4,6.5
6.3,6.49,6.21,6.4
6.42,6.5,6.38,6.49
6.5,6.52,6.41,6.5
6.5,6.54,6.45,6.5
6.5,6.54,6.5,6.54
6.5,6.5,6.25,6.33
6.3,6.4,6.25,6.36
6.34,6.46,6.31,6.46
6.45,6.55,6.4,6.51
6.53,6.54,6.48,6.5
6.45,6.52,6.4,6.5
6.43,6.48,6.37,6.44
6.36,6.36,6.25,6.34
6.24,6.29,6.11,6.17
6.15,6.28,6.1,6.15
6.13,6.18,6.05,6.18
6.15,6.39,6.15,6.25
6.15,6.3,6.11,6.25
6.25,6.39,6.25,6.31
6.28,6.35,6.2,6.28
6.35,6.4,6.22,6.4
6.4,6.4,6.36,6.4
6.33,6.72,6.33,6.58
6.58,6.7,6.52,6.58
6.58,6.74,6.55,6.62
6.62,6.75,6.62,6.68
6.67,6.72,6.63,6.66
6.68,6.73,6.55,6.7
6.73,6.73,6.61,6.63
6.35,6.45,6.3,6.39
6.42,6.42,6.17,6.37
6.38,6.43,6.35,6.38
6.38,6.41,6.36,6.41
6.41,6.41,6.35,6.39
6.38,6.4,6.3,6.4
6.4,6.41,6.39,6.41
6.41,6.42,6.25,6.25
6.25,6.34,6.2,6.31
6.31,6.39,6.25,6.34
6.31,6.31,6.01,6.26
6.2,6.29,6.1,6.21
6.16,6.22,6.13,6.22
6.27,6.27,6.19,6.25
6.25,6.27,6.23,6.25
6.2,6.24,6.2,6.2
6.24,6.25,6.2,6.2
6.18,6.24,6.11,6.15
6.15,6.16,6.06,6.14
6.12,6.19,6.08,6.17
6.12,6.22,6.12,6.17
6.16,6.22,6.15,6.18
6.23,6.25,6.14,6.24
6.25,6.25,6.1,6.1
6.05,6.1,6.04,6.08
6.05,6.08,5.95,6
6,6,5.81,5.96
5.96,6.03,5.96,6.01
6.08,6.08,6,6.03
6.02,6.03,6,6.02
6.01,6.04,6,6.04
6.04,6.32,6.02,6.32
6.32,6.36,6.27,6.36
6.36,6.38,6.31,6.36
6.39,6.39,6.33,6.38
6.41,6.41,6.25,6.28
6.25,6.3,6.06,6.1
6.15,6.15,5.9,6.12
6.15,6.15,6,6.1
6.05,6.1,6,6.1
6.1,6.1,6.01,6.05
6.05,6.08,6,6.08
6,6.01,5.91,5.91
5.86,5.98,5.65,5.7
5.6,5.65,5.4,5.49
5.45,5.45,5.12,5.23
5.13,5.25,5.11,5.17
5.2,5.22,5.15,5.17
5.13,5.2,5.13,5.2
5.19,5.24,5.16,5.18
5.28,5.3,5.19,5.2
5.19,5.28,5.18,5.19
5.2,5.29,5.19,5.24
5.23,5.25,5.19,5.19
5.24,5.24,5.01,5.06
5.06,5.08,5.02,5.08
5.05,5.14,5.02,5.11
5.05,5.1,5.05,5.09
5.05,5.06,5.03,5.05
5,5.16,5,5.16
5.16,5.16,5.11,5.12
5.16,5.2,5.13,5.15
5.08,5.1,5.03,5.1
5.17,5.17,5.11,5.13
5.05,5.3,5.05,5.3
5.22,5.27,5.21,5.24
5.16,5.18,5.06,5.12
5.06,5.1,5.03,5.07
5.06,5.12,5,5.05
5,5.03,4.93,5
5,5.05,4.95,5
4.96,4.96,4.77,4.8
4.8,5,4.76,5
5,5.03,4.98,4.98
5,5.19,4.85,5.19
5.05,5.05,4.98,5.04
5.02,5.02,4.96,5
4.92,4.99,4.92,4.99
4.95,5.14,4.91,4.97
5,5.02,4.95,4.99
4.97,5,4.96,4.99
4.99,5,4.76,4.9
4.81,4.93,4.81,4.9
4.83,4.89,4.81,4.85
4.85,4.97,4.85,4.94
4.97,4.98,4.91,4.94
4.97,5,4.92,4.96
5.01,5.01,4.9,4.93
4.86,4.98,4.83,4.93
4.92,4.98,4.87,4.98
4.9,5.25,4.9,5.01
5,5,4.9,4.99
4.93,5.01,4.89,5
4.9,4.96,4.86,4.93
4.93,4.99,4.93,4.93
4.89,4.92,4.85,4.86
4.92,4.92,4.86,4.86
4.85,4.9,4.81,4.86
4.82,4.89,4.8,4.89
4.91,5.05,4.9,5.05
5.01,5.01,4.93,5
4.92,4.99,4.92,4.93
4.91,4.99,4.91,4.99
5,5.05,4.99,5
5,5.01,4.99,5
5.04,5.05,4.98,4.98
4.98,4.99,4.93,4.99
4.97,5.01,4.95,4.97
4.99,5,4.96,4.96
4.92,5,4.92,5
4.99,5,4.98,4.99
4.98,5,4.96,4.96
4.93,4.99,4.93,4.93
4.91,5,4.91,5
5,5.03,4.99,5.03
5.03,5.03,4.97,4.98
4.94,4.99,4.88,4.99
4.9,4.96,4.9,4.96
5,5,4.9,4.9
4.9,5.04,4.83,5.02
4.92,5,4.9,4.99
4.95,4.98,4.89,4.9
4.9,4.95,4.88,4.89
4.83,4.88,4.82,4.87
4.85,4.89,4.82,4.85
4.85,4.86,4.75,4.78
4.75,4.85,4.7,4.81
4.6,4.82,4.6,4.82
4.77,4.85,4.75,4.8
4.75,4.82,4.75,4.8
4.77,4.85,4.77,4.84
4.84,4.84,4.76,4.82
4.8,4.83,4.79,4.83
4.83,4.83,4.75,4.79
4.79,4.82,4.76,4.8
4.76,4.82,4.76,4.81
4.8,4.85,4.75,4.82
4.79,4.82,4.79,4.8
4.84,4.85,4.78,4.82
4.84,4.84,4.8,4.84
4.84,4.84,4.79,4.8
4.78,4.81,4.75,4.75
4.72,4.74,4.66,4.73
4.75,4.75,4.69,4.69
4.65,4.75,4.4,4.73
4.71,4.81,4.7,4.72
4.7,4.79,4.69,4.79
4.74,4.79,4.74,4.75
4.71,4.8,4.71,4.79
4.76,4.76,4.72,4.73
4.73,4.76,4.72,4.74
4.73,4.78,4.73,4.76
4.73,4.75,4.73,4.75
4.72,4.76,4.69,4.69
4.63,4.72,4.62,4.67
4.61,4.67,4.61,4.65
4.63,4.81,4.62,4.8
4.79,4.85,4.73,4.85
4.89,5.06,4.89,5.04
5.03,5.04,4.99,5
5.15,5.16,5.03,5.07
5.13,5.14,5.05,5.05
5,5.05,5,5.01
5,5.03,4.96,4.96
4.91,5.03,4.84,5
4.98,4.98,4.9,4.9
4.88,4.93,4.85,4.89
4.87,4.87,4.86,4.86
4.86,4.86,4.85,4.85
4.85,4.89,4.83,4.85
4.9,4.9,4.85,4.85
4.88,4.88,4.75,4.8
4.81,4.81,4.79,4.81
4.81,4.84,4.75,4.84
4.83,4.83,4.8,4.82
4.83,4.83,4.7,4.75
4.72,4.82,4.71,4.8
4.8,4.82,4.8,4.8
4.84,4.99,4.84,4.99
4.96,5.01,4.86,4.86
4.92,4.92,4.89,4.91
4.88,4.9,4.84,4.84
4.85,4.95,4.85,4.91
4.86,4.87,4.84,4.86
4.86,4.9,4.85,4.85
4.85,4.88,4.73,4.78
4.8,4.8,4.65,4.68
4.78,4.9,4.74,4.79
4.75,4.75,4.65,4.65
4.7,4.75,4.64,4.69
4.69,4.7,4.53,4.55
4.55,4.55,4.4,4.5
4.51,4.52,4.45,4.51
4.55,4.65,4.45,4.52
4.5,4.55,4.48,4.5
4.5,4.59,4.5,4.5
4.51,4.58,4.5,4.55
4.57,4.6,4.55,4.59
4.6,4.62,4.58,4.59
4.59,4.59,4.25,4.35
4.39,4.44,4.39,4.4
4.41,4.5,4.4,4.5
4.5,4.52,4.46,4.46
4.51,4.54,4.42,4.44
4.44,4.45,4.37,4.4
4.35,4.4,4.3,4.31
4.3,4.3,4.2,4.24
4.22,4.29,4.2,4.2
4.23,4.25,4.17,4.18
4.17,4.52,4.17,4.4
4.2,4.32,4.19,4.25
4.2,4.24,4.16,4.16
4.17,4.25,4.16,4.21
4.25,4.28,4.21,4.28
4.2,4.35,4.2,4.22
4.21,4.26,4.21,4.23
4.23,4.27,4.22,4.26
4.24,4.25,4.18,4.2
4.22,4.22,4.12,4.12
4.14,4.25,4.13,4.18
4.17,4.24,4.16,4.24
4.21,4.21,4.14,4.18
4.2,4.4,4.16,4.38
4.32,4.47,4.29,4.39
4.4,4.46,4.4,4.41
4.4,4.43,4.4,4.4
4.45,4.55,4.44,4.47
4.5,4.74,4.41,4.74
4.83,4.9,4.75,4.75
4.76,4.94,4.7,4.87
4.9,4.9,4.75,4.85
4.9,4.9,4.64,4.7
4.62,4.8,4.5,4.8
4.76,4.76,4.62,4.7
4.7,4.7,4.6,4.68
4.61,4.65,4.58,4.58
4.51,4.51,4.44,4.45
4.4,4.49,4.4,4.47
4.49,4.65,4.47,4.65
4.68,4.68,4.59,4.63
4.6,4.63,4.56,4.56
4.57,4.7,4.56,4.67
4.61,4.66,4.39,4.66
4.56,4.69,4.56,4.68
4.72,4.74,4.61,4.66
4.65,4.7,4.61,4.63
4.68,4.7,4.64,4.69
4.65,4.69,4.65,4.68
4.66,4.72,4.66,4.67
4.68,4.73,4.66,4.73
4.67,4.7,4.65,4.65
4.66,4.74,4.66,4.71
4.67,4.73,4.61,4.62
4.6,4.68,4.49,4.6
4.6,4.7,4.6,4.7
4.7,4.73,4.7,4.71
4.7,4.74,4.7,4.71
4.73,4.73,4.65,4.66
4.61,4.72,4.61,4.72
4.7,4.75,4.7,4.7
4.65,4.67,4.64,4.66
4.7,4.74,4.62,4.74
4.74,4.74,4.71,4.71
4.7,4.72,4.65,4.68
4.67,4.68,4.65,4.67
4.61,4.69,4.61,4.64
4.63,4.7,4.63,4.66
4.68,4.71,4.65,4.66
4.61,4.65,4.61,4.65
4.69,4.74,4.69,4.73
4.68,4.77,4.61,4.75
4.7,4.76,4.7,4.76
4.74,4.84,4.72,4.84
4.8,4.9,4.78,4.89
4.9,5.01,4.9,5
4.95,4.98,4.92,4.95
4.91,4.93,4.88,4.93
4.9,4.94,4.9,4.92
4.87,4.94,4.8,4.93
4.87,4.91,4.72,4.91
4.9,4.91,4.89,4.91
4.85,4.88,4.7,4.77
4.8,4.85,4.71,4.73
4.68,4.85,4.68,4.74
4.8,4.85,4.79,4.84
4.84,4.89,4.82,4.85
4.86,4.91,4.83,4.9
4.92,4.95,4.92,4.93
4.92,5.12,4.91,5.03
4.83,4.93,4.76,4.88
4.89,4.89,4.82,4.82
4.78,4.83,4.77,4.77
4.77,4.8,4.62,4.68
4.68,4.75,4.67,4.7
4.7,4.88,4.66,4.88
4.9,4.9,4.78,4.8
4.74,4.89,4.74,4.82
4.85,4.88,4.79,4.82
4.75,4.81,4.75,4.8
4.83,4.9,4.61,4.9
4.81,5,4.8,4.97
4.91,5.05,4.88,5
5.04,5.19,5.04,5.12
5.12,5.16,5.09,5.14
5.11,5.15,5.01,5.05
5.03,5.04,4.96,4.97
4.99,5.05,4.99,5.04
5.05,5.05,5.03,5.05
5.04,5.04,4.96,5.02
5.02,5.1,5,5.04
4.99,5.05,4.98,5.03
4.96,5.01,4.94,4.95
4.96,5.05,4.96,5.05
5.01,5.05,5.01,5.02
5.02,5.02,5,5
5,5.02,4.99,5
5,5.05,5,5.05
5.03,5.05,5.03,5.05
5.09,5.1,5.07,5.08
5.08,5.1,5.05,5.06
5.05,5.07,5,5
5.05,5.08,5.01,5.01
5.03,5.08,4.99,5
5,5.09,4.98,5.09
5.1,5.1,5.04,5.08
5.09,5.1,5.06,5.09
5.09,5.1,5.05,5.1
5.1,5.17,5.09,5.16
5.13,5.49,5.11,5.45
5.45,5.48,5.15,5.25
5.18,5.44,5.18,5.2
5.18,5.2,5.18,5.2
5.27,5.35,5.12,5.22
5.23,5.67,5.23,5.45
5.45,5.55,5.45,5.5
5.47,5.48,5.25,5.39
5.45,5.47,5.35,5.4
5.53,5.54,5.44,5.5
5.51,5.55,5.32,5.4
5.49,5.49,5.39,5.45
5.42,5.51,5.42,5.5
5.5,5.52,5.45,5.5
5.5,5.53,5.46,5.53
5.47,5.56,5.4,5.4
5.35,5.41,5.35,5.4
5.37,5.4,5.35,5.4
5.39,5.4,5.37,5.39
5.39,5.4,5.36,5.36
5.31,5.4,5.31,5.38
5.35,5.39,5.3,5.35
5.5,6.22,5.5,6.08
6.14,6.39,6.13,6.39
6.39,6.44,6.29,6.4
6.44,6.47,6.18,6.46
6.49,6.8,6.49,6.7
6.74,6.76,6.65,6.68
6.74,6.75,6.67,6.74
6.75,7.3,6.74,7.19
7.28,7.3,7.16,7.19
7.28,7.28,7.1,7.28
7.28,7.29,7.18,7.29
7.16,7.25,6.59,6.89
6.72,7.15,6.5,7.01
7.13,7.5,6.79,7.3
7.23,7.43,7.2,7.34
7.31,7.44,7.15,7.32
7.47,7.47,7.3,7.35
7.37,7.39,7.25,7.32
7.18,7.24,6.65,7.19
7.2,7.4,6.81,7.29
7.34,7.91,7.3,7.76
7.6,7.78,7.57,7.76
7.76,7.8,7.55,7.72
7.72,7.76,7.65,7.75
7.75,7.98,7.67,7.7
7.8,7.95,7.78,7.86
7.86,7.96,7.81,7.9
7.87,8.37,7.87,8.29
8.28,8.28,7.98,8
8,8.25,8,8.1
8.2,8.35,8.16,8.28
8.33,8.35,8.17,8.17
8.15,8.26,8.11,8.11
8.11,8.15,8.02,8.09
8.09,8.1,7.94,8.09
8,8.19,7.96,8.12
8.12,8.45,8.1,8.43
8.45,8.49,8.24,8.45
8.46,8.56,8.23,8.31
8.2,8.31,8,8.15
7.95,8.26,7.9,8.26
8.32,8.39,8.1,8.39
8.29,8.37,8.12,8.3
8.33,8.46,8.09,8.46
8.46,8.55,8.43,8.55
8.55,8.55,8.44,8.5
8.5,8.55,8.4,8.55
8.44,8.55,8.41,8.42
8.47,8.47,8.26,8.3
8.09,8.2,7.51,8.19
8.16,8.26,8.1,8.11
8.15,8.31,8.05,8.27
8.32,8.32,8.08,8.22
8.22,8.25,8.09,8.2
8.15,8.2,7.97,8.17
8.18,8.18,8.05,8.12
7.89,8.22,7.89,8
8.05,8.2,8.05,8.12
8.16,8.16,8.06,8.07
8.09,8.09,7.94,7.95
7.93,8.25,7.87,8.12
8.14,8.42,8.04,8.35
8.29,8.85,8.17,8.8
8.83,8.93,8.56,8.76
8.93,8.93,8.36,8.38
8.35,8.48,8.09,8.1
7.99,8.06,7.67,7.71
7.67,8,7.66,7.82
7.87,7.99,7.6,7.74
7.68,7.99,7.61,7.96
7.96,7.98,7.77,7.89
7.91,7.98,7.5,7.93
7.93,7.93,7.83,7.91
8,8,7.77,7.77
7.75,7.84,7.73,7.75
7.75,7.85,7.65,7.83
7.82,7.88,7.63,7.63
7.65,7.98,7.64,7.92
7.97,8.03,7.79,8
8,8.01,7.67,7.7
7.8,7.89,7.65,7.89
7.99,7.99,7.85,7.94
7.94,7.94,7.64,7.66
7.66,7.68,7.57,7.58
7.57,7.6,7.53,7.53
7.52,7.6,7.5,7.58
7.78,7.78,7.52,7.64
7.57,7.85,7.5,7.84
7.94,8.03,7.86,8
8,8.08,7.96,8.02
8.11,8.35,7.94,8.29
8.37,8.37,8,8.12
8,8.15,8,8
8.1,8.1,7.95,7.96
7.95,8.03,7.65,7.74
7.63,8.11,7.63,8.05
8.12,8.3,8.1,8.1
8.18,8.34,8.18,8.26
8.26,8.58,8.26,8.48
8.52,8.52,8,8.49
8.48,8.8,8.48,8.59
8.66,8.66,8.5,8.55
8.67,8.93,8.6,8.68
8.7,8.78,8.41,8.41
8.36,8.57,8.35,8.39
8.52,8.76,8.4,8.48
8.55,8.8,8.47,8.78
8.8,9.06,8.67,8.9
9,9,8.82,8.92
9,9.3,8.9,9.3
9.3,9.3,9.11,9.17
9.2,9.2,9.01,9.2
9.33,9.42,9.15,9.42
9.39,9.39,9.25,9.29
9.27,9.33,9.11,9.12
9.14,9.14,8.54,9.07
8.98,9.08,8.97,9.08
9.04,9.13,8.57,8.87
8.98,8.98,8.87,8.87
8.95,8.97,8.08,8.7
8.55,8.78,8.48,8.65
8.55,8.65,8.49,8.49
8.49,8.56,8.36,8.48
8.49,8.83,8.42,8.64
8.73,9.2,8.73,9.2
9,9.35,8.47,8.55
8.65,8.74,8.03,8.13
8.07,8.57,7.65,8.11
8.2,8.5,7.77,7.97
7.99,8.24,7.85,8.16
8.06,8.36,7.88,8.25
8.36,8.47,8.16,8.26
8.3,8.31,7.97,8.1
8,8.25,7.99,8.25
8.2,8.37,7.95,8.12
8.04,8.43,8.04,8.4
8.47,8.75,8.3,8.7
8.75,8.87,8.36,8.52
8.45,8.65,8.14,8.2
8.19,8.36,8.14,8.28
8.35,8.35,8.02,8.11
8.15,8.54,8.13,8.5
8.6,8.6,8.41,8.44
8.4,8.45,8.14,8.29
8.39,8.67,8.31,8.65
8.7,8.79,8.65,8.65
8.84,8.94,8.57,8.64
8.79,8.79,8.49,8.49
8.49,8.58,8.26,8.31
8.31,8.32,8.23,8.26
8.26,8.53,8.2,8.44
8.4,8.4,8.12,8.15
8.25,8.33,8.15,8.31
8.21,8.33,8.15,8.33
8.16,8.44,8.15,8.41
8.4,8.6,8.35,8.42
8.35,8.5,8.16,8.42
8.47,8.58,8.32,8.32
8.32,8.42,8.28,8.42
8.41,8.59,8.38,8.55
8.58,8.6,8.07,8.11
8.12,8.54,8.12,8.45
8.47,8.6,8.47,8.52
8.55,8.6,8.39,8.5
8.59,8.7,8.5,8.64
8.58,8.7,8.55,8.57
8.57,8.72,8.54,8.58
8.53,8.67,8.39,8.65
8.56,8.62,8.43,8.45
8.4,8.9,8.4,8.8
8.9,8.9,8.7,8.78
8.61,9.06,8.49,9.05
8.95,9,8.75,8.79
8.82,9.09,8.82,8.84
8.9,9.15,8.9,9.02
8.95,9.38,8.87,9.28
9.2,9.75,9.2,9.71
9.8,9.93,9.57,9.57
9.49,10.06,9.49,10.06
10.01,10.3,10.01,10.15
10.25,10.35,10.04,10.08
10.11,10.29,10,10.02
10.01,10.01,9.54,9.57
9.52,9.64,9.42,9.57
9.6,9.7,9.4,9.4
9.35,9.84,9.3,9.7
9.74,10.01,9.49,9.59
9.5,9.5,9.11,9.24
9.25,9.49,9.23,9.46
9.56,9.57,9.38,9.57
9.64,9.64,9.4,9.55
9.57,9.75,9.57,9.75
9.75,10.17,9.75,9.86
9.74,10.05,9.74,10
10.09,10.09,9.75,9.84
9.85,10.13,9.85,9.93
9.88,10.08,9.81,10.03
9.9,10.37,9.9,10.37
10.1,10.37,10.03,10.14
9.89,10.17,9.89,10.06
10.1,10.15,10.04,10.12
10.28,10.96,10.13,10.89
11,11.09,10.72,10.75
10.63,10.89,10.27,10.41
10.56,10.88,10.46,10.67
10.79,10.79,10.34,10.46
10.45,10.78,10.45,10.74
10.95,11.06,10.46,10.49
10.49,10.5,9.94,10.03
10.06,10.26,9.86,9.98
10,10,9.55,9.55
9.55,9.55,9.16,9.21
9.19,9.63,8.81,9.44
9.25,9.56,9.15,9.56
9.56,9.59,9.42,9.47
9.31,9.59,9.12,9.17
9.16,9.17,8.82,8.92
8.84,9.15,8.84,9.07
9.14,9.28,9,9.28
9.22,9.29,9.01,9.21
9.3,9.49,9.3,9.48
9.39,9.5,9.06,9.06
8.94,8.99,8.7,8.74
8.81,8.9,8.47,8.7
8.78,8.93,8.57,8.8
8.8,8.98,8.66,8.97
9,9.45,8.99,9.12
9.07,9.29,9.04,9.13
9.08,9.12,8.74,8.78
8.72,9.24,8.7,9.05
8.98,9.14,8.37,8.79
8.62,8.77,8.5,8.5
8.63,8.84,8.45,8.45
8.39,8.72,8.39,8.71
8.61,8.85,8.61,8.76
8.7,8.99,8.7,8.86
8.77,8.98,8.7,8.93
8.93,9,8.43,8.43
8.11,8.26,8,8.04
8.04,8.07,7.87,7.96
7.96,8.29,7.96,8.04
8.01,8.07,7.94,8
7.93,8.07,7.93,8.05
8.01,8.04,8,8.01
7.98,8.07,7.98,8.01
8.03,8.13,8,8.08
8.06,8.41,8.05,8.2
8.07,8.25,8.07,8.23
8.23,8.23,7.73,7.78
7.91,7.98,7.65,7.66
7.68,7.68,7.49,7.53
7.5,7.63,7.16,7.16
7.18,7.78,7,7.74
7.75,7.75,7.4,7.48
7.5,7.8,7.48,7.5
7.54,7.59,7.41,7.43
7.43,7.61,7.17,7.21
7.21,7.25,7.11,7.11
7.1,7.36,7.09,7.24
7.25,7.83,7.08,7.8
7.9,7.97,7.13,7.37
7.3,7.58,7.23,7.5
7.41,7.62,7.4,7.48
7.5,8.09,7.5,8.06
7.92,8.15,7.86,8.15
8.23,8.23,7.61,7.9
7.9,7.98,7.66,7.68
7.62,8.08,7.62,7.84
7.8,7.9,7.56,7.68
7.6,7.78,7.57,7.62
7.6,7.6,7.15,7.52
7.46,7.46,7.1,7.37
7.37,7.54,7.19,7.48
7.44,7.53,6.91,6.97
6.94,7.32,6.81,7.29
7.29,7.35,7,7.3
7.26,7.33,7.2,7.26
7.27,7.45,7.26,7.43
7.31,7.54,7.31,7.42
7.53,7.53,7.4,7.44
7.4,7.6,7.39,7.48
7.55,7.93,7.52,7.75
7.74,7.79,7.51,7.54
7.52,7.64,7.49,7.54
7.51,7.94,7.51,7.78
7.7,8.09,7.63,7.75
7.79,8.04,7.76,8.04
7.99,8.09,7.8,8.04
7.95,8.04,7.92,7.95
7.95,8.14,7.95,8.01
8.05,8.09,7.98,8.06
8.01,8.08,7.97,8
8,8.12,7.97,8.04
8.03,8.13,8.03,8.05
8.04,8.12,8,8.08
8.07,8.42,8.07,8.18
8.18,8.57,8.18,8.5
8.48,8.94,8.48,8.81
8.81,8.92,8.59,8.71
8.66,8.73,8.39,8.39
8.3,8.7,8.3,8.47
8.49,8.74,8.46,8.72
8.7,9.25,8.6,8.63
8.63,8.8,8.63,8.73
8.58,8.72,8.42,8.56
8.52,8.77,8.52,8.75
8.66,8.66,8.36,8.44
8.35,8.48,8.26,8.3
7.97,8.4,7.97,8.4
8.3,8.3,7.85,8
7.85,8.1,7.85,7.91
7.9,8.43,7.64,8.43
8.39,8.48,8.05,8.08
8.08,8.3,7.97,8.3
8.2,8.24,7.8,8.13
8,8,7.2,7.49
7.43,7.53,7.21,7.52
7.5,8.05,7.5,8.02
8,8,7.65,7.72
7.8,7.8,7.51,7.6
7.45,7.45,7.25,7.29
7.28,7.59,7.25,7.28
7.38,7.48,7.11,7.13
7.2,7.29,7.15,7.17
7.15,7.2,7.01,7.06
7,7.55,6.95,7.24
7.24,7.3,7.01,7.01
7,7.29,6.96,7.19
7.19,7.39,7.1,7.22
7.22,7.28,6.9,7
7,7.09,6.87,6.9
6.97,7.13,6.94,6.96
7,7,6.74,6.75
6.56,6.73,6.45,6.45
6.5,6.74,6.42,6.45
6.49,6.5,6.31,6.31
6.23,6.36,6.1,6.31
6.22,6.32,6.22,6.23
6.29,6.29,6.2,6.23
6.23,6.49,6.23,6.42
6.4,6.45,6.25,6.3
6.75,6.75,6.27,6.43
6.37,6.95,6.35,6.67
6.75,7.17,6.67,6.72
6.79,7.1,6.79,6.88
7,7,6.77,6.92
6.87,6.88,6.78,6.78
6.79,6.79,6.6,6.6
6.63,6.67,6.59,6.6
6.6,6.63,6.54,6.6
6.6,6.74,6.45,6.5
6.5,6.68,6.45,6.65
6.6,6.68,6.5,6.64
6.58,6.65,6.5,6.5
6.6,6.8,6.5,6.54
6.63,6.7,6.51,6.58
6.5,6.65,6.5,6.65
6.56,6.56,6.2,6.24
6.31,6.47,6.3,6.45
6.4,6.4,6.23,6.26
6.23,6.58,6.23,6.52
6.54,6.54,6.32,6.32
6.25,6.41,6.06,6.19
6.22,6.22,6.09,6.17
6.1,6.37,6.1,6.24
6.25,6.63,6.2,6.55
6.36,6.45,6.2,6.22
6.29,6.58,6.29,6.58
6.48,6.48,6.2,6.2
6.2,6.36,6.16,6.2
6.1,6.25,6.1,6.2
6.16,6.29,6.15,6.2
6.2,6.26,6.12,6.15
6.1,6.25,6.06,6.12
6.06,6.2,6.06,6.11
6.06,6.21,6.06,6.19
6.1,6.19,6.08,6.13
5.68,5.68,4.34,4.49
4.5,4.8,4.5,4.61
4.53,4.55,4.46,4.48
4.48,4.53,4.4,4.43
4.45,4.8,4.43,4.64
4.6,4.63,4.37,4.48
4.56,4.7,4.47,4.52
4.45,4.93,4.42,4.49
4.49,4.73,4.49,4.57
4.64,4.75,4.6,4.61
4.62,4.62,4.38,4.48
4.65,4.7,4.48,4.65
4.72,4.72,4.51,4.51
4.59,4.59,4.36,4.37
4.35,4.59,4.35,4.42
4.46,4.49,4.35,4.35
4.35,4.41,4.03,4.07
4.11,4.29,4.03,4.23
4.15,4.25,4.01,4.06
4.12,4.12,3.74,3.8
4.09,4.1,3.74,3.8
3.85,4.12,3.85,3.89
3.85,3.96,3.65,3.65
3.66,3.98,3.6,3.63
3.85,3.9,3.77,3.8
3.78,3.8,3.64,3.65
3.65,3.76,3.47,3.55
3.68,3.68,3.42,3.42
3.4,3.45,3.27,3.3
3.31,3.67,3.2,3.3
3.36,3.46,3.3,3.41
3.45,3.75,3.36,3.48
3.46,3.58,3.26,3.28
3.3,3.48,3.28,3.37
3.46,3.5,3.25,3.42
3.43,4.13,3.2,3.95
4,4.05,3.35,3.5
3.59,3.67,3.41,3.55
3.46,3.53,3.2,3.23
3.2,3.5,3.2,3.23
3.19,3.22,2.84,3.05
3.13,3.37,3,3.01
3,3.19,2.92,2.92
3,3.09,2.55,2.55
2.65,2.97,2.56,2.8
2.9,3.41,2.9,3.33
3.41,3.41,3,3.01
3.08,3.08,2.77,2.77
2.85,2.85,2.67,2.73
2.72,2.83,2.72,2.8
2.81,2.91,2.79,2.88
2.91,2.95,2.88,2.89
2.91,2.95,2.78,2.91
2.77,2.92,2.7,2.76
2.75,2.82,2.67,2.73
2.74,2.74,2.57,2.57
2.5,2.55,2.43,2.55
2.58,2.58,2.47,2.47
2.47,2.48,2.41,2.43
2.41,2.43,2.33,2.38
2.38,2.38,2.2,2.23
2.01,2.3,2.01,2.2
2.1,2.31,2.1,2.31
2.2,2.33,2.09,2.12
2.08,2.09,1.85,2
1.97,2.03,1.96,1.99
1.98,2.07,1.98,2.05
2.03,2.05,2,2.02
2.05,2.24,2.02,2.24
2.27,2.34,2.16,2.29
2.22,2.26,2.11,2.22
2.11,2.72,2,2.72
2.7,2.7,2.12,2.28
2.24,2.3,2,2
2.08,2.28,1.95,2.05
2.15,2.3,2,2.22
2.11,2.2,2.06,2.2
2.2,2.36,2.12,2.36
2.33,2.38,2.31,2.35
2.3,2.31,2.17,2.25
2.17,2.5,2.15,2.5
2.42,2.42,2.2,2.28
2.32,2.32,2.13,2.15
2.19,2.19,2,2.02
2.16,2.16,1.96,2
2.04,2.09,1.96,1.99
2,2.05,1.98,2.04
2.03,2.03,2,2.02
2,2.11,1.95,2.11
2.06,2.12,1.88,1.95
2,2,1.86,1.87
1.78,1.92,1.76,1.83
1.85,1.86,1.78,1.78
1.82,1.86,1.66,1.86
1.84,1.93,1.73,1.78
1.77,1.97,1.75,1.8
1.81,1.98,1.81,1.95
1.93,2,1.92,1.93
1.99,1.99,1.75,1.86
1.88,1.94,1.83,1.84
1.79,2.05,1.79,2.01
2.01,2.15,2.01,2.14
2.13,2.39,2.1,2.28
2.39,2.39,2.29,2.34
2.26,2.33,2.21,2.25
2.26,2.45,2.26,2.41
2.36,2.47,2.34,2.43
2.36,2.48,2.26,2.41
2.4,2.49,2.34,2.48
2.44,2.59,2.41,2.59
2.52,2.56,2.33,2.46
2.41,2.43,2.26,2.29
2.26,2.29,2.15,2.16
2.16,2.42,2.15,2.42
2.32,2.4,2.21,2.36
2.24,2.35,2.24,2.31
2.26,2.3,2.2,2.24
2.26,2.34,2.09,2.29
2.25,2.29,2.21,2.29
2.4,2.4,2.09,2.25
2.2,2.22,2,2.21
2.29,2.29,1.9,2.1
2.15,2.33,1.95,2.14
2.09,2.27,2.03,2.07
2.23,2.23,2.15,2.17
2.15,2.27,1.93,2.04
2,2.03,1.93,1.99
2.01,2.02,1.9,1.91
1.97,1.97,1.8,1.91
2.05,2.05,1.79,1.85
1.86,2.1,1.86,1.96
2.04,2.13,1.96,2.03
2.03,2.03,1.91,1.94
1.98,1.99,1.93,1.94
1.89,1.95,1.79,1.91
1.8,1.87,1.36,1.73
1.65,1.75,1.58,1.65
1.74,1.74,1.5,1.58
1.54,1.54,1.1,1.5
1.66,2.45,1.45,2.4
2.45,2.45,1.83,2.01
1.96,1.99,1.68,1.68
1.63,1.81,1.63,1.77
1.65,1.74,1.54,1.68
1.56,1.68,1.56,1.64
1.55,1.69,1.55,1.6
1.55,1.74,1.55,1.69
1.57,1.59,1.5,1.51
1.5,1.55,1.49,1.49
1.49,1.57,1.49,1.52
1.5,1.53,1.5,1.51
1.68,1.68,1.49,1.51
1.5,1.53,1.49,1.49
1.43,1.48,1.37,1.41
1.41,1.47,1.4,1.45
1.42,1.53,1.42,1.47
1.38,1.51,1.38,1.5
1.49,1.52,1.49,1.49
1.51,1.57,1.5,1.55
1.59,1.59,1.5,1.5
1.64,1.64,1.5,1.5
1.5,1.54,1.5,1.53
1.49,1.59,1.49,1.59
1.7,1.75,1.6,1.64
1.63,1.63,1.55,1.59
1.63,1.66,1.58,1.6
1.6,1.7,1.59,1.62
1.61,1.71,1.61,1.62
1.59,1.73,1.59,1.65
1.66,1.87,1.66,1.85
1.8,1.87,1.72,1.76
1.7,1.96,1.7,1.96
1.96,2.05,1.92,1.93
1.92,2.05,1.9,1.9
1.81,2.04,1.8,2.04
1.9,2.19,1.9,2.01
2.06,2.16,1.93,2.05
2.12,2.17,2.1,2.14
2.1,2.34,2.1,2.2
2.15,2.4,2.15,2.27
2.29,2.52,2.29,2.5
2.54,2.66,2.42,2.47
2.45,2.77,2.45,2.63
2.7,3.28,2.66,3.1
3.25,3.25,3.01,3.01
2.94,3.24,2.94,3.24
2.91,3.37,2.91,3.37
3.37,3.37,2.95,3.2
3.16,3.39,3.08,3.33
3.25,3.25,3,3.16
3.22,3.4,3.17,3.35
3.37,3.37,3.18,3.23
3.23,3.42,3.2,3.42
3.37,3.4,3.07,3.34
3.3,3.34,3.24,3.3
3.29,3.35,3.25,3.3
3.26,3.42,3.2,3.42
3.36,3.58,3.23,3.24
3.2,3.45,3.2,3.29
3.2,3.4,3.2,3.29
3.26,3.38,3.26,3.27
3.29,3.39,3.27,3.29
3.21,3.63,3.21,3.63
3.64,3.72,3.59,3.72
3.64,3.83,3.44,3.83
3.74,3.93,3.74,3.92
3.87,4.11,3.87,4.03
4.1,4.1,3.92,4.01
3.9,3.99,3.76,3.81
3.78,3.78,3.54,3.69
3.69,3.79,3.63,3.75
3.81,3.92,3.75,3.92
3.9,3.97,3.61,3.68
3.7,3.7,3.51,3.7
3.7,3.7,3.62,3.64
3.57,3.7,3.55,3.65
3.59,3.76,3.59,3.62
3.67,3.79,3.67,3.73
3.61,3.64,3.01,3.32
3.29,3.46,3.21,3.28
3.26,3.35,3.25,3.3
3.26,3.32,3.22,3.22
3.15,3.22,2.98,3.13
3.06,3.34,3.02,3.32
3.39,3.57,3.38,3.57
3.54,3.57,3.28,3.46
3.4,3.42,3.27,3.31
3.22,3.28,3.09,3.18
3.14,3.37,3.14,3.33
3.3,3.33,3.14,3.19
3.16,3.24,3.05,3.19
3.18,3.28,3.09,3.11
2.62,3.12,2.62,3.11
3.06,3.18,3.04,3.11
3.04,3.28,3.04,3.28
3.32,3.47,3.15,3.3
3.17,3.33,3.17,3.23
3.15,3.29,3.15,3.25
3.25,3.28,3.16,3.18
3.21,3.41,3.18,3.29
3.26,3.48,3.26,3.39
3.41,3.54,3.32,3.34
3.35,3.49,3.27,3.35
3.28,3.32,3.18,3.2
3.21,3.33,3.2,3.31
3.3,3.33,3.2,3.27
3.55,3.79,3.55,3.65
3.68,3.71,3.62,3.69
3.62,3.8,3.55,3.6
3.6,3.69,3.6,3.69
3.69,3.79,3.67,3.79
3.75,3.99,3.71,3.99
3.98,4.09,3.98,4.01
3.95,4.08,3.95,4.04
4.04,4.07,3.91,4
4.01,4.02,3.9,4
4.04,4.04,4,4.01
3.95,4.01,3.95,3.96
3.91,4.23,3.91,4.23
4.22,4.23,4.07,4.13
4.13,4.13,4.02,4.08
3.7,4.19,3.7,4.06
4.13,4.13,3.9,4
3.92,4.05,3.9,3.93
3.95,4.02,3.91,4
3.95,4.13,3.9,4.1
4.2,4.2,4,4.09
4,4.09,4,4.09
4.02,4.02,3.91,3.94
3.94,3.96,3.9,3.93
3.94,4,3.93,4
4,4.03,3.99,4
4.08,4.09,4,4.03
4.07,4.07,3.99,4.03
4.04,4.04,4,4
4.02,4.03,3.98,4
3.99,4.02,3.91,3.94
3.83,4.04,3.83,4.03
4.08,4.08,3.96,3.98
3.95,4.04,3.92,4.04
4.05,4.18,3.92,3.92
4.03,4.03,3.96,3.98
3.96,4.09,3.91,4.06
4.1,4.15,4,4
4,4.12,3.93,3.94
3.95,4.01,3.92,3.95
3.92,4.03,3.92,3.98
3.97,3.97,3.91,3.95
3.94,3.96,3.9,3.9
3.9,3.99,3.87,3.87
3.87,3.92,3.7,3.85
3.86,3.9,3.76,3.86
3.79,4,3.79,3.98
4,4.07,3.97,3.99
4.03,4.14,3.97,3.99
3.94,4.09,3.94,4
4.05,4.11,3.95,4.06
4.04,4.09,4,4.03
4.04,4.09,3.99,4.01
4.06,4.12,3.98,4.06
4.09,4.49,4.08,4.3
4.2,4.46,4.2,4.37
4.34,4.49,4.34,4.47
4.47,4.59,4.25,4.25
4.29,4.44,4.29,4.43
4.34,4.45,4.34,4.42
4.41,4.48,4.26,4.46
4.41,4.52,4.41,4.46
4.35,4.53,4.35,4.42
4.55,4.55,3.95,4.01
4.04,4.19,3.75,3.8
3.05,3.8,3.05,3.8
3.85,3.97,3.85,3.95
4.06,4.25,4.03,4.08
4.16,4.45,4.1,4.45
4.36,4.38,4.14,4.21
4.16,4.44,4.16,4.34
4.29,4.38,4.12,4.12
4.18,4.24,4.18,4.2
4.25,4.3,4.18,4.3
4.25,4.25,4.12,4.12
4.13,4.16,3.71,3.9
3.93,4.06,3.9,3.99
4.03,4.09,3.98,4.02
3.95,4,3.87,3.93
3.95,3.95,3.79,3.91
3.89,4,3.75,3.75
3.8,3.87,3.8,3.82
3.76,4.04,3.76,3.99
3.78,3.97,3.78,3.93
3.96,3.99,3.85,3.99
3.95,4.1,3.89,4.02
4.02,4.06,3.93,3.93
3.94,4.1,3.94,3.94
3.9,4.05,3.9,3.97
3.93,4.11,3.93,3.99
3.87,4.04,3.85,3.94
3.91,3.94,3.82,3.85
3.89,3.94,3.8,3.8
3.82,3.94,3.46,3.71
3.72,3.76,3.56,3.56
3.54,3.75,3.54,3.66
3.7,3.9,3.7,3.89
3.94,3.98,3.87,3.9
3.92,4.09,3.86,4.08
4.02,4.07,3.89,3.89
3.89,3.98,3.89,3.9
3.94,3.98,3.9,3.91
3.9,3.91,3.76,3.87
3.93,3.93,3.89,3.93
3.93,3.97,3.89,3.94
3.93,3.96,3.9,3.91
3.94,3.94,3.9,3.93
3.89,3.99,3.89,3.96
3.9,4.06,3.88,3.94
3.89,3.92,3.82,3.92
3.96,4.04,3.93,4.04
4.09,4.12,3.98,3.98
3.97,3.99,3.93,3.93
3.93,3.93,3.82,3.85
3.88,3.95,3.85,3.88
3.87,3.95,3.84,3.95
3.93,3.95,3.88,3.95
3.89,3.99,3.89,3.91
3.94,3.94,3.9,3.9
3.93,3.95,3.74,3.8
3.81,3.9,3.7,3.88
3.84,3.87,3.8,3.83
3.78,3.87,3.78,3.85
3.85,3.88,3.85,3.85
3.8,3.95,3.8,3.95
3.9,3.95,3.83,3.85
3.86,3.88,3.78,3.85
3.85,3.88,3.79,3.85
3.84,3.91,3.84,3.85
3.81,3.9,3.77,3.78
3.75,3.81,3.75,3.8
3.78,3.81,3.75,3.8
3.75,3.83,3.56,3.79
3.79,3.79,3.79,3.79
3.78,3.82,3.77,3.82
3.81,3.81,3.77,3.77
3.76,3.88,3.76,3.88
3.82,3.93,3.75,3.85
4.2,4.54,4.15,4.38
4.32,4.43,4.27,4.35
4.37,4.48,4.17,4.28
4.34,4.39,4.06,4.1
4.06,4.11,3.89,4.06
3.87,4.07,3.84,3.91
3.9,4.05,3.9,4.04
4.07,4.14,3.95,4.05
3.98,4.2,3.98,4.13
4.08,4.24,4,4.23
4.15,4.22,4.15,4.19
4.23,4.25,4.11,4.25
4.25,4.3,4.12,4.29
4.24,4.34,4.22,4.27
4.3,4.3,4.11,4.3
4.3,4.36,4.22,4.32
4.3,4.34,4.24,4.3
4.33,4.34,4.24,4.3
4.33,4.34,4.25,4.31
4.27,4.34,4.25,4.31
4.31,4.41,4.3,4.38
4.28,4.4,4.28,4.28
4.27,4.54,4.22,4.46
4.46,4.46,4.36,4.45
4.44,4.52,4.36,4.47
4.55,4.59,4.43,4.43
4.39,4.57,4.39,4.4
4.5,4.53,4.47,4.49
4.5,4.65,4.45,4.59
4.59,4.65,4.55,4.6
4.65,4.7,4.61,4.65
4.73,4.85,4.69,4.83
4.86,4.9,4.84,4.85
4.87,4.96,4.77,4.91
4.93,4.97,4.87,4.95
4.89,4.96,4.56,4.89
4.89,4.9,4.84,4.85
4.88,4.96,4.72,4.96
4.93,5.18,4.9,5.03
4.92,5.09,4.9,5.01
5,5.07,4.97,5.02
5,5.02,4.9,5
5.03,5.15,5,5.05
5.01,5.09,4.96,5.03
5,5.09,4.98,5.07
5.05,5.1,5.03,5.09
5.13,5.13,5.05,5.06
5,5,4.7,4.98
5,5,4.91,4.93
4.87,4.99,4.87,4.99
5,5,4.96,4.97
5,5,4.87,4.96
4.91,4.98,4.84,4.84
4.82,4.98,4.79,4.95
4.96,5,4.63,4.92
4.99,5,4.75,4.87
5,5,4.86,4.92
5,5,4.86,4.98
5,5,4.94,5
4.97,4.98,4.86,4.97
4.9,4.94,4.87,4.92
4.95,4.98,4.85,4.86
4.86,4.88,4.77,4.78
4.77,4.87,4.75,4.79
4.57,4.78,4.57,4.65
4.53,4.71,4.4,4.6
4.59,4.74,4.5,4.6
4.52,4.62,4.33,4.55
4.6,4.68,4.6,4.61
4.7,5.1,4.68,4.7
4.71,4.71,4.53,4.67
4.62,4.82,4.27,4.67
4.65,4.79,4.49,4.72
4.7,4.89,4.65,4.75
4.75,4.84,4.61,4.83
4.82,4.82,4.74,4.79
4.8,4.83,4.61,4.68
4.72,4.82,4.66,4.72
4.75,4.89,4.75,4.79
4.76,4.84,4.72,4.8
4.81,4.94,4.79,4.79
4.8,4.9,4.71,4.76
4.84,4.84,4.51,4.73
4.71,4.85,4.64,4.72
4.64,4.76,4.64,4.76
4.91,4.91,4.76,4.86
4.86,4.86,4.72,4.73
4.76,4.79,4.65,4.76
4.62,4.75,4.62,4.63
4.64,4.78,4.61,4.65
4.66,4.69,4.6,4.6
4.61,4.7,4.55,4.57
4.59,4.7,4.59,4.66
4.62,4.72,4.49,4.55
4.58,4.75,4.54,4.75
4.72,4.72,4.51,4.51
4.52,4.63,4.5,4.57
4.61,4.69,4.53,4.65
4.56,4.68,4.51,4.51
4.45,4.75,4.45,4.72
4.75,4.75,4.61,4.75
4.71,4.75,4.63,4.7
4.72,4.79,4.6,4.61
4.6,4.62,4.4,4.4
4.38,4.38,4,4.33
4.22,4.53,4.22,4.5
4.48,4.52,4.47,4.52
4.51,4.64,4.5,4.6
4.57,4.57,4.5,4.57
4.48,4.58,4.37,4.55
4.49,4.58,4.33,4.53
4.55,4.62,4.55,4.57
4.5,4.69,4.5,4.64
4.65,4.7,4.51,4.66
4.7,4.7,4.58,4.65
4.69,4.78,4.52,4.63
4.68,4.75,4.68,4.69
4.8,4.8,4.63,4.63
4.63,4.75,4.58,4.58
4.6,4.71,4.58,4.67
4.57,4.68,4.55,4.68
4.51,4.63,4.48,4.5
4.56,4.6,4.47,4.5
4.5,4.57,4.48,4.52
4.45,4.58,4.45,4.54
4.58,4.59,4.53,4.57
4.59,4.74,4.55,4.65
4.74,4.74,4.51,4.55
4.67,4.67,4.26,4.5
4.56,4.58,4.49,4.5
4.5,4.57,4.39,4.5
4.5,4.55,4.47,4.5
4.51,4.57,4.42,4.5
4.47,4.63,4.47,4.57
4.6,4.62,4.55,4.55
4.54,4.6,4.5,4.5
4.6,4.71,4.57,4.66
4.7,4.75,4.59,4.63
4.66,4.73,4.6,4.63
4.63,4.73,4.63,4.66
4.72,4.81,4.68,4.74
4.81,4.84,4.75,4.79
4.72,4.75,4.5,4.62
4.69,4.72,4.51,4.67
4.7,4.72,4.56,4.66
4.67,4.74,4.67,4.74
4.75,4.75,4.63,4.67
4.8,4.8,4.74,4.76
4.84,4.9,4.71,4.9
4.91,4.92,4.74,4.85
4.88,4.88,4.81,4.84
4.8,4.87,4.8,4.81
4.81,4.88,4.8,4.86
4.85,4.86,4.8,4.86
4.85,4.91,4.84,4.9
4.9,4.9,4.77,4.77
4.75,5.07,4.75,5.01
5.07,5.1,5.02,5.04
5.1,5.1,5,5
5,5.09,5,5.06
5.07,5.1,5.06,5.09
5.07,5.07,4.94,5.06
5.05,5.06,5,5
5.02,5.22,5,5.22
5.23,5.24,5.11,5.17
5.15,5.22,5.08,5.19
5.19,5.24,5.12,5.22
5.2,5.25,5.15,5.21
5.09,5.18,4.91,5
4.9,5,4.9,5
5.05,5.25,5.05,5.19
5.16,5.19,5.03,5.15
5.14,5.21,5,5.21
5.11,5.25,5.07,5.25
5.2,5.26,5.08,5.21
5.15,5.25,5.1,5.18
5.25,5.43,5.22,5.35
5.3,5.49,5.21,5.25
5.26,5.34,5.11,5.23
5.23,5.27,5.17,5.17
5.24,5.26,5.16,5.2
5.23,5.23,5.14,5.16
5.25,5.29,5.21,5.27
5.27,5.31,5.22,5.25
5.24,5.27,5.08,5.08
5.1,5.1,5,5.1
5.1,5.14,4.98,5.07
5.02,5.09,4.98,5.09
5.13,5.19,5.11,5.17
5.18,5.24,5.05,5.12
5.09,5.14,5.09,5.13
5.25,5.27,5.08,5.14
5.16,5.16,5.01,5.07
5.12,5.22,5.07,5.1
5.04,5.04,4.85,4.96
4.94,5.02,4.94,4.94
5,5,4.7,4.81
4.81,4.81,4.5,4.74
4.74,4.79,4.64,4.7
4.71,4.74,4.58,4.67
4.69,4.8,4.57,4.79
4.8,4.8,4.71,4.8
4.86,4.87,4.72,4.83
4.8,4.83,4.72,4.74
4.71,4.75,4.65,4.7
4.7,4.74,4.68,4.71
4.71,4.83,4.68,4.7
4.77,4.77,4.7,4.74
4.72,4.76,4.65,4.76
4.77,4.77,4.67,4.7
4.8,4.8,4.7,4.72
4.76,4.84,4.7,4.74